Title,Company,Location,Salary,Experience (Years),Time
.NET Developer,Sped@home,Mumbai,"₹ 2,50,000 - 3,00,000",1 year(s),1 week ago
Associate Software Developer,Design Centric,"Navi Mumbai, Mumbai","₹ 3,18,000 - 4,00,000",1 year(s),3 weeks ago
Founders Office,Curious About Sales,Nagpur,"₹ 2,50,000 - 4,00,000",0 year(s),3 days ago
3D Artist & VFX Artist,Connex India,"Delhi, Gurgaon, Noida","₹ 2,00,000 - 2,40,000",1 year(s),5 days ago
STEM Innovation Engineer/Mentor,Stemmantra Technologies Private Limited,"Delhi, Gurgaon, Hyderabad","₹ 2,03,500 - 3,30,000",0 year(s),2 weeks ago
IOS Developer,Quantta Analytics,Kolkata,"₹ 2,40,000 - 3,60,000",1 year(s),Few hours ago
Junior Web Developer,Educase India,Hyderabad,"₹ 3,00,000",0 year(s),Few hours ago
Assistant IT Support Engineer,Quantta Analytics,Kolkata,"₹ 2,40,000 - 3,60,000",1 year(s),1 day ago
App Test Engineer & Navigation Expert,Quantta Analytics,Kolkata,"₹ 2,40,000 - 3,60,000",1 year(s),1 day ago
Full Stack Developer,ONE XL INFO LLP,Pune,"₹ 3,60,000 - 4,80,000",1 year(s),1 day ago
React Developer,ONE XL INFO LLP,Pune,"₹ 3,60,000 - 4,80,000",1 year(s),1 day ago
PHP Developer,NexGen Innovators IT Services Private Limited,Delhi,"₹ 3,60,000 - 6,00,000",1 year(s),1 day ago
Senior Information Technology Engineer,AKSI AEROSPACE,"Telangana, Andhra Pradesh","₹ 2,00,000",1 year(s),1 week ago
React JS Developer,Infoware,"Ahmedabad, Gandhinagar","₹ 3,00,000 - 4,50,000",1 year(s),1 week ago
.NET Developer,Quantasis Private Limited,Mumbai,"₹ 2,20,000 - 2,50,000",1 year(s),5 days ago
Junior Software Developer (Females Only),Makworth Finserv,Surat,"₹ 2,30,000 - 6,00,000",1 year(s),6 days ago
Full Stack Java Developer,FiscalLogix Technology Pvt Ltd,"Kottayam, Thrissur, Ernakulam, Cochin                                                        (Hybrid)",,"₹ 2,40,000 - 3,00,000 /year",3 weeks ago
IOS Developer,AppVersal,Noida,"₹ 3,00,000 - 4,00,000",1 year(s),Today
Junior Network Engineer,Weekday,Mumbai,"₹ 2,40,000 - 4,80,000",1 year(s),2 weeks ago
Trainee Engineer,Prolegion Pvt. Ltd.,Chennai,"₹ 2,00,000 - 2,40,000",1 year(s),1 day ago
PHP Developer,Reliable Solution,Surat,"₹ 3,00,000 - 5,00,000",1 year(s),1 day ago
Senior Front End Developer,Com.Bot,Surat,"₹ 2,00,000 - 3,60,000",1 year(s),1 day ago
Laravel Developer,Verified.RealEstate,Chennai                                                        (Hybrid),,"₹ 3,60,000 - 5,00,000 /year",1 day ago
Robotics STEM Trainer (For Schools),Qlearncept,"Zaheerabad, Hyderabad, Achampet","₹ 2,40,000 - 3,20,000",0 year(s),5 days ago
Full Stack Developer,Yasham Software Services Private Limited,"Panna, Raigarh, Durg, Balod, Raipur, Korba, Bastar, Jashpur, Sukma, Surguja, Bijapur, Surjanpur, Atal Nagar, Seoni","₹ 2,00,000",0 year(s),3 weeks ago
CCNA Faculty Trainer,Hinisys Software,Chennai,"₹ 2,02,000 - 2,18,000",1 year(s),3 weeks ago
Associate Professor,Coding Junior,Ahmedabad,"₹ 3,00,000 - 6,00,000",0 year(s),3 days ago
Full Stack Blockchain Trainer,QuadB Tech,Ludhiana,"₹ 5,00,000 - 7,00,000",1 year(s),2 days ago
Senior Flutter Developer,Cosmos Staffing Solutions,Hyderabad,"₹ 2,00,000 - 2,40,000",1 year(s),1 week ago
.NET Developer,Quantasis Private Limited,Mumbai,"₹ 3,00,000 - 22,10,000",1 year(s),3 weeks ago
Technical Support Specialist,Shiva Systems & Technologies Private Limited,Mumbai,"₹ 2,40,000 - 5,00,000",1 year(s),2 weeks ago
Senior WordPress Developer,Innovate Content,Mumbai,"₹ 2,00,000 - 3,00,000",1 year(s),3 weeks ago
ASP.NET Core Full Stack Developer,Anjita IT Solutions Private Limited,Mumbai,"₹ 2,00,000 - 2,84,000",1 year(s),3 weeks ago
Computer Training & Data Science Faculty,DeveLearn Technologies,Mumbai,"₹ 6,00,000",1 year(s),4 days ago
PHP Developer,ONE XL INFO LLP,Pune,"₹ 3,00,000 - 3,60,000",1 year(s),2 weeks ago
Junior Backend Developer,Educase India,Hyderabad,"₹ 3,00,000",0 year(s),Few hours ago
Junior Robotics Specialist,IBA - The Robotized World,"Ahmedabad, Vadodara, Surat","₹ 2,00,000",1 year(s),Today
Junior .NET Developer,Creations Overseas,"Secunderabad, Hyderabad","₹ 2,00,000 - 3,60,000",0 year(s),Today
Android Developer,Frontlink Technology,Surat,"₹ 2,00,000",0 year(s),Today
WordPress Developer,I-SmokeStack,Work from home,"₹ 2,40,000 - 3,60,000",1 year(s),Today
Full Stack Developer,Ergosphere Solution Pvt Ltd.,Work from home,"₹ 8,80,000 - 11,00,000",1 year(s),Today
Back-End Executive,Eviosys,Work from home,"₹ 4,00,000 - 7,00,000",0 year(s),1 day ago
Junior Front End Developer,TheCoinRepublic,Bhopal,"₹ 3,00,000",1 year(s),1 day ago
WordPress Developer,Hello Technologies,Madurai,"₹ 2,50,000 - 4,00,000",1 year(s),1 day ago
Integration Engineer,OneFin,Bangalore,"₹ 3,50,000 - 4,50,000",0 year(s),1 day ago
WordPress Developer,Hello Technologies,Madurai,"₹ 2,50,000 - 4,00,000",1 year(s),1 day ago
Integration Engineer,OneFin,Bangalore,"₹ 3,50,000 - 4,50,000",0 year(s),1 day ago
Associate Software Tester,Anvenssa Consultancy Private Limited,"Pune, Mumbai                                                        (Hybrid)",,"₹ 3,00,000 - 4,50,000 /year",1 day ago
Full Stack Developer,Com.Bot,Surat,"₹ 2,00,000 - 3,60,000",1 year(s),1 day ago
Backend Developer,OneFin,Bangalore,"₹ 5,50,000 - 6,50,000",1 year(s),1 day ago
Software Developer,NERVESPARKS INDIA PVT LTD,Delhi,"₹ 3,00,000 - 9,00,000",0 year(s),1 day ago
Software Tester,FreJun Incorporation,Work from home,"₹ 4,00,000 - 5,00,000",1 year(s),1 day ago
Fresher-Salesforce Developer/Administrator,Softsensor.ai,Work from home,"₹ 3,50,000 - 4,50,000",0 year(s),1 day ago
Computer Operator Executive,Peerpoint,Work from home,"₹ 4,00,000 - 7,00,000",0 year(s),1 day ago
Full Stack Developer,EtherWorld,Work from home,"₹ 6,00,000",1 year(s),1 day ago
Full Stack Developer,IESoft Technologies Private Limited,Work from home,"₹ 3,00,000 - 6,00,000",0 year(s),1 day ago
PHP Developer,Pineapple By Ele,Mumbai,"₹ 2,00,000 - 3,00,000",1 year(s),1 day ago
IT Support,H&M Virtual Services Private Limited,Vadodara,"₹ 2,40,000 - 3,00,000",0 year(s),2 days ago
Web Developer,Devion Labs Private Limited,"Delhi, Gurgaon                                                        (Hybrid)",,"₹ 2,00,000 - 3,80,000 /year",2 days ago
Front End Developer,Stirring Minds,Delhi,"₹ 2,00,000 - 3,00,000",1 year(s),2 days ago
Game Developer,ActiveLoc,Work from home,"₹ 3,00,000 - 4,20,000",1 year(s),2 days ago
Junior Software Developer,Spotmies LLP,Anakapalli,"₹ 2,00,000 - 30,00,000",0 year(s),2 days ago
Software Developer,Finvin Estatedeal,Work from home,"₹ 2,00,000 - 3,60,000",1 year(s),2 days ago
Customer Support Executive,Yew Enterprises,"Bahadurgarh, Delhi","₹ 2,00,000",0 year(s),2 days ago
Full Stack Developer,Supply Wisdom,Bangalore                                                        (Hybrid),,"₹ 8,00,000 /year",2 days ago
Junior Python Developer,Crozair Technicea,Mumbai,"₹ 3,00,000 - 6,00,000",1 year(s),2 days ago
"Junior Fullstack Developer - Node.js, Flutter",Behind The Scene Apps,Thiruvananthapuram,"₹ 2,00,000 - 3,00,000",0 year(s),2 days ago
Backend Developer,Nexsphere,Work from home,"₹ 2,50,000 - 3,00,000",1 year(s),2 days ago
Design & Quality Engineer,Chandra Pumps Private Limited,Meerut,"₹ 2,15,000 - 2,80,000",0 year(s),3 days ago
Python Full Stack Trainer,Login360,Chennai,"₹ 2,00,000 - 3,00,000",1 year(s),3 days ago
Website & Backend Development Executive,ARMII,Work from home,"₹ 3,00,000",1 year(s),3 days ago
MERN Stack Developer,Sacesta Technologies,Ahmedabad,"₹ 2,00,000 - 4,00,000",1 year(s),3 days ago
Android App Developer,Anytimeinvest Services Private Limited,Delhi,"₹ 4,00,000 - 5,00,000",1 year(s),3 days ago
Junior System Administrator (Quality Assurance),YouWin Technologies,Work from home,"₹ 2,10,000",1 year(s),3 days ago
Senior Front End Developer,Creatiwise,Work from home,"₹ 3,00,000 - 4,80,000",1 year(s),3 days ago
"Developer – Python, AI & ML",Good Blogger,Noida,"₹ 2,00,000 - 3,00,000",1 year(s),3 days ago
Full Stack Developer,Know Thy Choice,Work from home,"₹ 7,00,000",1 year(s),3 days ago
Coding & AI Teacher,SR Edu Technologies,"Hyderabad, Bhuvanagiri","₹ 2,40,000 - 3,00,000",0 year(s),3 days ago
Mobile App Developer,Jina Code Systems LLP,Gurgaon,"₹ 4,00,000 - 4,80,000",1 year(s),3 days ago
Moodle LMS Developer,Offiql Technologies Private Limited,Bangalore,"₹ 6,00,000",1 year(s),3 days ago
Computer Operator Associate,Peerpoint,Work from home,"₹ 3,00,000 - 8,00,000",0 year(s),3 days ago
Digital Marketing Associate,Panache Solutions,Work from home,"₹ 2,40,000",1 year(s),3 days ago
System Engineer,Ether Daylight Systems Pvt. Ltd.,Bangalore,"₹ 2,40,000",0 year(s),4 days ago
Junior Software Developer,Axe Consultancy And Security Services LLC,Work from home,"₹ 6,00,000 - 10,00,000",0 year(s),4 days ago
Python Developer,Clump Coder,Work from home,"₹ 2,00,000",1 year(s),4 days ago
Full Stack Developer,Bentex Group,Work from home,"₹ 4,00,000 - 5,00,000",1 year(s),4 days ago
Full Stack Developer,Eleven Software Solution Private Limited,Hyderabad,"₹ 2,00,000",0 year(s),4 days ago
Web Developer,Benetor's,Work from home,"₹ 2,00,000 - 2,70,000",1 year(s),4 days ago
Robotics And Coding Teacher,Amazeheads LLP,Darjeeling,"₹ 2,40,000 - 3,60,000",0 year(s),4 days ago
Junior Content Writer,RecurPost Inc.,Surat,"₹ 2,00,000 - 2,50,000",0 year(s),4 days ago
Python Developer,Allied Infoline Private Limited,South,"₹ 3,00,000 - 4,30,000",0 year(s),4 days ago
Quality Analyst,Softcell Technologies Limited,"Thane, Navi Mumbai, Kalyan, Mumbai","₹ 2,00,000",0 year(s),4 days ago
Software Developer,4x4 Advisory Services Private Limited,Bangalore                                                        (Hybrid),,"₹ 6,00,000 - 7,00,000 /year",4 days ago
PHP Developer,WES Consultancy & Services Private Limited,Raipur,"₹ 2,40,000",1 year(s),4 days ago
Digital Marketing Executive,SMR Securities,Gurgaon,"₹ 2,00,000 - 2,40,000",1 year(s),4 days ago
Software Development (Instructor),NxtWave,Hyderabad,"₹ 2,00,000",1 year(s),4 days ago
Business Analyst,Solstice Veridian Services,"Chandigarh, Kharar, Mohali, Panchkula","₹ 2,40,000 - 3,60,000",1 year(s),4 days ago
Back End Executive,Peerpoint,Work from home,"₹ 3,00,000 - 8,00,000",0 year(s),4 days ago
Associate Software Engineer,Kanerika Software Private Limited,Hyderabad,"₹ 3,00,000 - 7,00,000",0 year(s),4 days ago
Coding Instructor,Codeshala Private Limited,Work from home,"₹ 2,10,000 - 2,21,000",0 year(s),4 days ago
Associate Software Developer,Benepik,Gurgaon,"₹ 3,00,000 - 4,20,000",1 year(s),4 days ago
Principal Java Engineer,Kanerika Software Private Limited,Hyderabad,"₹ 22,00,000 - 40,00,000",1 year(s),4 days ago
IPQA,Salus Pharmaceutical,Baddi,"₹ 3,80,000 - 4,80,000",1 year(s),5 days ago
Senior Backend Developer,AMIT SINGH,Work from home,"₹ 4,00,000 - 6,00,000",1 year(s),5 days ago
Technical Product Manager,BlackLight Studio Works,"Delhi, Gurgaon, Noida","₹ 3,00,000 - 5,00,000",0 year(s),5 days ago
Cloud Computing Specialist,INSTAGURU PRIVATE LIMITED,Work from home,"₹ 2,00,000",1 year(s),5 days ago
Junior Backend Developer,Hustlr Staffing Services,Lucknow,"₹ 3,00,000 - 4,50,000",1 year(s),5 days ago
Junior SAP ABAP Developer,Hustlr Staffing Services,Lucknow,"₹ 8,20,000 - 12,10,000",1 year(s),5 days ago
Associate Full Stack Developer,Kradle Joy (OPC) Private Limited,Noida,"₹ 5,80,000 - 10,50,000",1 year(s),5 days ago
IOS Developer | SwiftUI/Swift | Flutter | Mobile App Developer | Python Developer,BZness LLC,Work from home,"₹ 2,80,000 - 5,50,000",1 year(s),5 days ago
3D Artist & VFX Artist,Connex India,"Delhi, Gurgaon, Noida","₹ 2,00,000 - 2,40,000",1 year(s),5 days ago
PHP Developer,P R Digitals,Jaipur,"₹ 3,60,000 - 7,20,000",1 year(s),5 days ago
Tech Trainer,ENpower,Gujarat,"₹ 2,00,001 - 2,25,010",0 year(s),6 days ago
Full Stack Developer,Anansi Tech Private Limited,Rajkot,"₹ 2,40,000",0 year(s),6 days ago
Front End Developer,AY Technologies,Delhi,"₹ 3,00,000 - 4,00,000",1 year(s),6 days ago
SAP BASIS Trainee,Waddaya Solutions Private Limited,Delhi,"₹ 2,84,000 - 2,88,000",0 year(s),6 days ago
Junior Software Developer,OmniHabits.com,Work from home,"₹ 2,40,000 - 2,60,000",1 year(s),6 days ago
Business Development Executive,Aaptatt,"Delhi, Gurgaon, Noida","₹ 4,00,000 - 5,50,000",0 year(s),6 days ago
Junior Full Stack Developer,BXP Support And Solutions Private Limited,Bangalore,"₹ 2,00,000 - 4,50,000",0 year(s),6 days ago
Shopify Developer,Growify Digital,Delhi,"₹ 2,00,000 - 3,00,000",1 year(s),6 days ago
Junior Web Developer,MediaCom India,Work from home,"₹ 5,00,000 - 8,00,000",0 year(s),6 days ago
Junior Software Developer,MediaCom India,Work from home,"₹ 5,00,000 - 8,00,000",0 year(s),6 days ago
Junior Software Tester,MediaCom India,Work from home,"₹ 5,00,000 - 8,00,000",0 year(s),6 days ago
Junior Full Stack Developer,TeamUp Consultants,Salem,"₹ 2,00,000",0 year(s),7 days ago
Fullstack Developer (NestJS + Next.js + Node.js + MongoDB),SeekHelpers,Work from home,"₹ 2,60,000 - 4,00,000",1 year(s),7 days ago
Front End Developer,Okie Dokie Solutions LLP,Work from home,"₹ 3,50,000 - 5,00,000",0 year(s),7 days ago
Junior Full Stack Developer,DeepNexus.in,Work from home,"₹ 5,50,000 - 7,00,000",1 year(s),7 days ago
Junior Web Developer,Fastech Automations,"Bareilly, Ghaziabad, Noida                                                        (Hybrid)",,"₹ 2,00,000 /year",7 days ago
Product Executive,Voyage Robotics Private Limited,Nagpur,"₹ 2,00,000",0 year(s),7 days ago
Senior Web Developer,Technofra,Mumbai,"₹ 2,00,000 - 2,50,000",1 year(s),7 days ago
Backend Developer,BLUECS.IN,Work from home,"₹ 3,00,000",1 year(s),7 days ago
Product Analyst,Sharpsell Technology Solutions,Bangalore,"₹ 4,00,000 - 6,00,000",0 year(s),1 week ago
Junior Web Developer,Sped@home,Mumbai,"₹ 3,00,000 - 5,00,000",1 year(s),1 week ago
Flutter Mobile Developer,SeekHelpers,Work from home,"₹ 2,60,000 - 4,00,000",1 year(s),1 week ago
Full Stack Developer,Bryckel AI,Work from home,"₹ 9,00,000 - 10,00,000",1 year(s),1 week ago
AI/Prompt Engineer,DeepNexus.in,Work from home,"₹ 5,50,000 - 8,00,000",0 year(s),1 week ago
.NET Developer,Efox Technologies Private Limited,Bareilly,"₹ 2,00,000 - 2,50,000",0 year(s),1 week ago
Full Stack Developer,KubeFlux,Work from home,"₹ 5,81,000",1 year(s),1 week ago
Full Stack Developer,LeadPro,"Chennai, Bangalore","₹ 3,16,000 - 5,04,000",1 year(s),1 week ago
Embedded Systems Associate,Renify Technologies Private Limited,Anekal,"₹ 6,00,000",1 year(s),1 week ago
Associate Android App Developer,ASW Digital Marketing Services,Hyderabad,"₹ 3,00,000 - 3,50,000",1 year(s),1 week ago
Full Stack Developer,RethinkingWeb,Vadodara,"₹ 2,00,000 - 4,00,000",1 year(s),1 week ago
Full Stack - Python And REACT,Tandem Consulting Group,Chennai,"₹ 4,00,000 - 6,00,000",1 year(s),1 week ago
Linnux Admin,ServerGuy,Noida,"₹ 2,00,000 - 4,00,000",1 year(s),1 week ago
Front End Developer,Rosche Systems,Pune                                                        (Hybrid),,"₹ 2,00,000 - 3,30,000 /year",1 week ago
Android App Developer,PrimeWebDynamics,Agra,"₹ 2,00,000 - 2,50,000",0 year(s),1 week ago
Senior Full Stack Developer,Tanika Tech Jewels Private Limited,"Mira Bhayandar, Mumbai","₹ 4,00,000 - 6,00,000",1 year(s),1 week ago
Associate Software Tester,Regime Tax Solutions Private Limited,"Navi Mumbai, Mumbai","₹ 4,50,000 - 7,00,000",1 year(s),1 week ago
Node.js/MySQL Developer,FlexiEle Consulting Services Private Limited,Work from home,"₹ 4,00,000 - 5,00,000",0 year(s),1 week ago
Information Technology Engineer,Shubh Enterprises,Dehradun,"₹ 2,00,000 - 3,00,000",1 year(s),1 week ago
Artificial Intelligence (AI) Specialist,ZAi-Fi,Work from home,"₹ 2,00,000 - 2,20,000",1 year(s),1 week ago
PHP Developer,Pratithi Finance,Kolkata,"₹ 2,00,000",0 year(s),1 week ago
Senior PHP Developer,InstaWeb Labs Private Limited,Mumbai,"₹ 5,00,000 - 9,00,000",1 year(s),1 week ago
Node.js Developer,Infoware,"Ahmedabad, Gandhinagar","₹ 4,00,000 - 5,00,000",1 year(s),1 week ago
Flutter Developer,Infoware,"Ahmedabad, Gandhinagar","₹ 4,00,000 - 5,00,000",1 year(s),1 week ago
iOS App Developer,InstaWeb Labs Private Limited,Mumbai,"₹ 4,00,000 - 6,00,000",1 year(s),1 week ago
Junior PHP Developer,Ele Market Place Technologies,"Thane, Mumbai","₹ 2,00,000 - 2,20,000",0 year(s),1 week ago
Robotics Trainer,Techyguide OPC Private Limited,"Bikaner, Delhi, Dhanbad, Ranchi, Nagaur, Balasore, Jaipur, Lakhimpur Kheri, Bangalore","₹ 2,00,000 - 2,50,000",0 year(s),1 week ago
Desktop Support L1,Visionyle Solutions Private Limited,Mumbai,"₹ 2,20,000 - 3,00,000",1 year(s),1 week ago
QA Engineer,App Analytics,"Faridabad, Ghaziabad, Greater Noida, Gautam Buddha Nagar, Noida, Delhi","₹ 3,00,000 - 3,60,000",0 year(s),1 week ago
Product Manager,Conceptmart,"Delhi, Indore, Bhopal","₹ 2,00,000 - 3,00,000",0 year(s),1 week ago
Web Developer,SR Edu Technologies,Hyderabad,"₹ 3,00,000",1 year(s),1 week ago
Computer Operator,Cherag Trader Private Limited,"Secunderabad, Hyderabad                                                        (Hybrid)",,"₹ 2,16,000 - 3,40,000 /year",1 week ago
Associate Java Developer,Meghnad Saha,Work from home,"₹ 2,40,000 - 7,20,000",1 year(s),1 week ago
Senior MERN Stack Developer,Callease AI,Work from home,"₹ 5,00,000 - 6,00,000",1 year(s),1 week ago
Magento 2 Developer,Vanel Tech India Private Limited,Ahmedabad                                                        (Hybrid),,"₹ 8,40,000 - 14,40,000 /year",1 week ago
Documentation Executive,AVM Healthcare Products Private Limited,Delhi,"₹ 2,00,000 - 2,20,000",0 year(s),1 week ago
Hosting Support Engineer (Full-Time),Thinking Minds Inc,Nashik,"₹ 3,00,000 - 4,50,000",1 year(s),1 week ago
Junior Software Developer,Concept.Study,Work from home,"₹ 2,00,000 - 2,00,001",1 year(s),1 week ago
IT Website Project Manager,DRAA (OPC) PRIVATE LIMITED,Delhi,"₹ 4,00,000 - 5,00,000",1 year(s),1 week ago
Next JS Developer,Infoware,"Ahmedabad, Gandhinagar","₹ 4,00,005 - 5,00,005",1 year(s),1 week ago
Junior Software Developer,MHK Tech Inc,Hyderabad,"₹ 2,01,000",0 year(s),1 week ago
Front End Developer,Stirring Minds,Delhi,"₹ 2,00,000 - 3,00,000",1 year(s),1 week ago
Senior PHP Developer,Indgiants Pvt Ltd,Hyderabad,"₹ 2,58,000 - 3,04,000",1 year(s),1 week ago
Junior Search Engine Optimization (SEO) Executive,Adnet India,Delhi,"₹ 2,00,000 - 2,20,000",0 year(s),1 week ago
Associate Software Developer,VIP AI,Pune,"₹ 7,00,000 - 12,00,000",1 year(s),1 week ago
Full Stack Developer,Prepai,Work from home,"₹ 2,00,000",1 year(s),1 week ago
Full Stack Developer,Kualify Services Private Limited,Work from home,"₹ 4,00,000 - 7,00,000",1 year(s),1 week ago
Senior Mobile App Developer,Boost Engine Solutions,Work from home,"₹ 3,00,000 - 6,00,000",1 year(s),1 week ago
Junior Full Stack Developer,TECHVRM,Gurgaon                                                        (Hybrid),,"₹ 2,00,000 /year",1 week ago
AWS Bedrock Developer,Mythri Systems,Work from home,"₹ 2,00,000",1 year(s),1 week ago
Front End Developer,Zepcruit,Pune,"₹ 6,00,000 - 10,00,000",1 year(s),1 week ago
Senior Java Developer,Relinns Technologies,Mohali,"₹ 2,00,000 - 6,00,000",1 year(s),1 week ago
Junior UI/UX Designer,Sinder,Work from home,"₹ 3,00,000 - 4,00,000",1 year(s),1 week ago
Java Developer,Risk Resources LLP,"Chennai, Hyderabad, Bangarapet                                                        (Hybrid)",,"₹ 5,00,000 - 20,00,000 /year",1 week ago
AI Automation Engineer,CanadaMentors,Work from home,"₹ 3,00,000 - 4,00,000",1 year(s),1 week ago
Front End Developer,LiveIntuitions Technologies,Bangalore,"₹ 5,00,000 - 6,50,000",1 year(s),1 week ago
Android App Developer,LiveIntuitions Technologies,Bangalore,"₹ 4,50,000 - 6,00,000",1 year(s),1 week ago
Web Developer (Backend),LiveIntuitions Technologies,Bangalore,"₹ 4,50,000 - 6,00,000",1 year(s),1 week ago
Product Manager,Nuvio Technologies Private Limited,Navi Mumbai,"₹ 2,00,000 - 2,50,000",0 year(s),1 week ago
Backend Developer,LiveIntuitions Technologies,Bangalore,"₹ 4,50,000 - 6,00,000",1 year(s),1 week ago
iOS App Developer,LiveIntuitions Technologies,Bangalore,"₹ 5,00,000 - 7,50,000",1 year(s),1 week ago
Robotics Trainee,Edutech India Private Limited,Bangalore,"₹ 2,00,000 - 2,00,001",1 year(s),1 week ago
Python Technical Trainer - Full Time Job,Allsoft Solutions And Service Private Limited,"Delhi, Indore, Kolkata, Lucknow, Mohali","₹ 3,50,000 - 5,50,000",1 year(s),1 week ago
Web Developer,Small Box Office,Delhi,"₹ 2,40,000",1 year(s),1 week ago
Junior Software Tester,Freshers Job Fair .IN,Bangalore,"₹ 4,10,000 - 4,70,000",0 year(s),1 week ago
Junior Software Developer,Freshers Job Fair .IN,Bangalore,"₹ 4,00,000",0 year(s),1 week ago
Data Structures And Algorithms Trainer,Finest Coder,Coimbatore,"₹ 2,00,000 - 2,20,000",1 year(s),1 week ago
IT Administrator,Group Futurista,Gurgaon,"₹ 2,00,000 - 3,00,000",1 year(s),1 week ago
QA Automation Engineer,Weekday,Chennai,"₹ 3,00,000 - 8,00,000",0 year(s),1 week ago
Electronics Hardware & Software Specialist,Indian Robotics Solution,Noida,"₹ 4,00,000 - 6,00,000",1 year(s),1 week ago
Java Developer,Pickmytrade,Work from home,"₹ 2,40,000 - 2,50,000",0 year(s),1 week ago
Associate Software Developer,SIDDIQUIS ELITE INDIA INSPECTION AND SURVEY PRIVATE LIMITED,Nagpur,"₹ 2,30,000 - 3,00,000",0 year(s),1 week ago
WordPress Developer,Vaikunth Technologies,Bhavnagar,"₹ 2,00,000",1 year(s),1 week ago
Full Stack Developer,WowPe,Bangalore,"₹ 4,00,000 - 8,00,000",1 year(s),1 week ago
Web Developer,Scalar Tech Media Private Limited,Work from home,"₹ 2,00,000 - 3,00,000",1 year(s),1 week ago
Kotlin App Development,AppVersal,"Delhi, Noida","₹ 2,00,000 - 4,50,000",1 year(s),1 week ago
Full-Stack CodeIgniter Developer (UI/UX + Figma),TopSystems.io,Work from home,"₹ 6,00,000 - 12,00,000",1 year(s),1 week ago
Full-Stack CodeIgniter Developer (UI/UX + Figma),TopSystems.io,Nashik,"₹ 7,00,000 - 13,00,000",1 year(s),1 week ago
Android App Developer (Only Female Preferred)(PHP & Laravel),Saif Agro Tech,Bangalore,"₹ 2,00,001 - 3,50,000",1 year(s),1 week ago
Product Manager,Stamurai,Work from home,"₹ 3,60,000",0 year(s),1 week ago
Django Rest Framework Developer – Full-Time,Voizer.ai,Delhi,"₹ 2,40,000 - 4,80,000",1 year(s),1 week ago
React & Next.js Frontend Engineer – Build AI Interfaces,Voizer.ai,Delhi,"₹ 2,40,000 - 4,00,000",1 year(s),1 week ago
Web Developer,Your Support Agent,Chandigarh                                                        (Hybrid),,"₹ 5,80,000 /year",1 week ago
Junior IT Support Officer,SegueIT,Ghaziabad,"₹ 2,00,000 - 2,50,000",0 year(s),1 week ago
Full Stack Developer,Official Page,"Delhi, Greater Noida, Noida                                                        (Hybrid)",,"₹ 2,70,000 - 8,00,000 /year",1 week ago
Senior PHP Developer,Skillstride Ventures (OPC) Private Limited,Lucknow,"₹ 2,16,000 - 5,40,000",1 year(s),1 week ago
IT Support & Systems Administrator,Kalolwala And Associates,Kolkata,"₹ 6,00,000 - 10,00,000",1 year(s),1 week ago
Software Developer,RapidLaps,Mumbai,"₹ 4,50,000",1 year(s),1 week ago
Associate Software Developer,Pandasdroid Private Limited,Work from home,"₹ 4,00,000 - 5,00,000",1 year(s),1 week ago
Full Stack Developer,Silfra Technologies,"Pune, Bangalore                                                        (Hybrid)",,"₹ 2,50,000 - 4,00,000 /year",1 week ago
.NET Developer,Softel Technologies Incorporation,Mumbai,"₹ 2,00,000 - 2,00,001",0 year(s),1 week ago
.NET Developer,Roamkaro Technologies Private Limited,Noida,"₹ 2,00,000 - 3,00,000",1 year(s),1 week ago
Artificial Intelligence (AI) Associate,Voicedots Infotech,Work from home,"₹ 2,00,000 - 2,40,000",1 year(s),1 week ago
Information Technology Engineer,Globussoft,Bhilai,"₹ 2,00,000 - 2,01,000",1 year(s),1 week ago
Senior WordPress Developer,ZOOT DIGITAL SEO,Navi Mumbai,"₹ 3,60,000 - 8,40,000",1 year(s),1 week ago
"Backend Specialist - Research, Architect, And Build",Dofin Tech Private Limited,Gurgaon,"₹ 5,16,000 - 6,36,001",1 year(s),1 week ago
.NET Developer,Vasp Technologies Private Limited,Guwahati,"₹ 3,00,000 - 3,50,000",1 year(s),1 week ago
Android App Developer,Genleadkart Ai Pvt. Ltd.,Bhopal,"₹ 2,00,000 - 2,40,000",1 year(s),2 weeks ago
Junior Full Stack Developer,BLG Technologies,Work from home,"₹ 4,00,000 - 6,00,000",1 year(s),2 weeks ago
.NET Developer,DeepNexus.in,Work from home,"₹ 4,00,000 - 10,00,000",0 year(s),2 weeks ago
Quality Inspector,Datum Advanced Composites Private Limited,Kanpur,"₹ 4,00,000 - 5,00,000",1 year(s),2 weeks ago
Front End Developer,Stirring Minds,Delhi,"₹ 2,00,000 - 3,00,000",1 year(s),2 weeks ago
Artificial Intelligence (AI) Associate,Stirring Minds,Delhi,"₹ 3,00,000 - 5,00,000",0 year(s),2 weeks ago
Cyber Security Instructor - Full Time,Allsoft Solutions And Service Private Limited,"Delhi, Lucknow, Mohali","₹ 3,50,000 - 5,00,000",1 year(s),2 weeks ago
Full Stack Developer,Nasya Software Technologies Private Limited,Work from home,"₹ 2,50,000 - 4,50,000",1 year(s),2 weeks ago
Software Engineer Trainee,Nanomark Technologies,Work from home,"₹ 8,00,000 - 10,00,000",0 year(s),2 weeks ago
Backend Developer,Sedulous Softtech,"Delhi, Ghaziabad, Noida","₹ 2,00,000 - 6,00,000",1 year(s),2 weeks ago
Mobile App Developer,Softsensor.ai,Jaipur,"₹ 4,00,000 - 5,00,000",1 year(s),2 weeks ago
Technical Trainer,Iamneo.ai,Coimbatore,"₹ 3,00,000 - 8,00,000",1 year(s),2 weeks ago
Junior Software Tester,NEXOS SOFT TECHNOLOGIES,Noida,"₹ 2,40,000 - 3,00,000",1 year(s),2 weeks ago
Mobile App Developer,White Placard Systems Pvt. Ltd.,Ranchi,"₹ 2,00,000 - 2,00,001",0 year(s),2 weeks ago
Full Stack GenAI Developer,MeetMinutes,Work from home,"₹ 6,50,000",1 year(s),2 weeks ago
Full Stack Developer,Megaminds IT Services,Hyderabad,"₹ 2,00,000 - 2,40,000",0 year(s),2 weeks ago
Junior Software Developer,Sheenlac Paints Limited,Chennai,"₹ 2,50,000 - 3,46,000",0 year(s),2 weeks ago
Junior Mobile App Developer,Shubhchintak,Work from home,"₹ 6,10,000",1 year(s),2 weeks ago
Associate Software Tester,PRP Webs,Jaipur,"₹ 2,00,000 - 3,00,000",0 year(s),2 weeks ago
Product Developer (Assessment Design - Maths And Science IIT/NIT/IISc/BITS/IISER),Open Door Education,Bangalore                                                        (Hybrid),,"₹ 8,50,000 - 12,00,000 /year",2 weeks ago
Website Development (Lead Generation Focus),Vardhman Airport Solutions Private Limited,Delhi                                                        (Hybrid),,"₹ 2,00,000 - 3,20,000 /year",2 weeks ago
Associate Mobile App Developer,BLUECS.IN,Work from home,"₹ 2,00,000 - 4,00,000",1 year(s),2 weeks ago
.NET Developer,Bloom Infotech,Mohali,"₹ 2,00,000 - 3,00,000",1 year(s),2 weeks ago
AI Vibe Coder (Full-stack Development),Cinemate™,Mumbai,"₹ 2,00,000 - 2,50,000",1 year(s),2 weeks ago
Web Developer,PVP Staffing,Hyderabad,"₹ 2,50,000 - 3,50,000",1 year(s),2 weeks ago
System Administrator Intern,S.K. Translines Private Limited,Jalgaon Kh.,"₹ 2,00,000 - 3,50,000",1 year(s),2 weeks ago
Mobile App Developer,Rutecho IT Solution,Work from home,"₹ 4,00,000 - 8,00,000",1 year(s),2 weeks ago
Photo Editor,BEYOND PHOTOS,"Delhi, Noida","₹ 4,00,000 - 6,00,000",1 year(s),2 weeks ago
Computer Hardware And Software Installation Eng,Maruti Computers,Mumbai,"₹ 2,00,000 - 3,00,000",1 year(s),2 weeks ago
3D Rigging And Animator,Adstacks Media,Gurgaon,"₹ 2,40,000 - 4,00,000",1 year(s),2 weeks ago
NextJS Developer,Karan Rajput,Work from home,"₹ 2,40,000 - 3,00,000",1 year(s),2 weeks ago
Digital Media & Website Coordinator,Manor Clinic,Work from home,"₹ 2,00,000 - 2,40,000",1 year(s),2 weeks ago
Junior JavaScript Developer,Educase India,Hyderabad,"₹ 3,00,000",0 year(s),2 weeks ago
ERPNext Developer,Tekbee Technologies,Work from home,"₹ 2,50,000 - 3,20,000",1 year(s),2 weeks ago
MERN Stack Developer,ZustPe Payments Private Limited,Chennai,"₹ 2,52,000 - 3,00,000",0 year(s),2 weeks ago
Associate Software Developer,Invincitech Software Private Limited,Bangalore,"₹ 2,40,000 - 2,40,001",0 year(s),2 weeks ago
Senior Full Stack Developer,Digital Gorilla,Faridabad,"₹ 2,00,000 - 4,00,000",1 year(s),2 weeks ago
Computer Operator,Redoak Computing,Work from home,"₹ 4,00,000 - 7,00,000",0 year(s),2 weeks ago
MERN Stack Developer,Joiningends Technologies Pvt Ltd,Kolkata,"₹ 2,40,000 - 3,60,000",1 year(s),2 weeks ago
WordPress Developer,SaaSnic Technologies Services Private Limited,Work from home,"₹ 2,00,000 - 2,00,001",1 year(s),2 weeks ago
Game Developer,Sharpenminds Technologies Private Limited,Ahmedabad,"₹ 3,00,000 - 5,00,000",1 year(s),2 weeks ago
Junior Android App Developer,Dzaro Solutions,Indore,"₹ 2,00,000 - 2,01,000",1 year(s),2 weeks ago
WordPress Developer,Reliable Solution,Surat,"₹ 3,00,000 - 5,00,000",1 year(s),2 weeks ago
Sales Engineer,Senso Vision System,Bangalore,"₹ 2,80,000 - 3,00,000",0 year(s),2 weeks ago
Backend Developer,LeadPro,Chennai,"₹ 2,00,000 - 3,20,000",0 year(s),2 weeks ago
Full Stack Developer,MediaCom India,Work from home,"₹ 4,00,000 - 7,00,000",0 year(s),2 weeks ago
Software Engineer,MediaCom India,Work from home,"₹ 5,00,000 - 8,00,000",0 year(s),2 weeks ago
Software Tester,MediaCom India,Work from home,"₹ 5,00,000 - 8,00,000",0 year(s),2 weeks ago
Software Developer,MediaCom India,Work from home,"₹ 5,00,000 - 8,00,000",0 year(s),2 weeks ago
Web Developer,MediaCom India,Work from home,"₹ 4,00,000 - 7,00,000",0 year(s),2 weeks ago
Associate Software Developer,Reconzile,Work from home,"₹ 2,00,000",0 year(s),2 weeks ago
Backend Developer,Clipo AI Private Limited,Noida,"₹ 3,10,000 - 5,80,000",0 year(s),2 weeks ago
Front End Development,DevForce,Work from home,"₹ 4,00,000 - 5,00,000",1 year(s),2 weeks ago
Documentation Lead - Technology,Saajha,Delhi                                                        (Hybrid),,"₹ 2,50,000 - 3,20,000 /year",2 weeks ago
Android App Developer,Institute Of Health Management Research,Bangalore,"₹ 3,00,000 - 3,60,000",1 year(s),2 weeks ago
Mobile App Developer,Warm Table Technologies Private Limited,Bangalore,"₹ 4,80,000 - 6,00,000",1 year(s),2 weeks ago
Google Workspace Sales Executive,Leanotech Solutions Private Limited,Pune,"₹ 3,40,000 - 6,00,000",0 year(s),2 weeks ago
Full Stack Developer,Taskify,Work from home,"₹ 6,00,000 - 12,00,000",0 year(s),2 weeks ago
Product Manager,EnglishBhashi,Work from home,"₹ 2,00,000 - 3,00,000",1 year(s),2 weeks ago
L1 Support Engineer,Ivy Mobility Solutions,Kolkata,"₹ 2,50,001 - 3,50,002",1 year(s),2 weeks ago
Junior Web Developer,Web Farm House,Jodhpur                                                        (Hybrid),,"₹ 2,00,000 - 2,50,000 /year",2 weeks ago
Front End Developer,Dofin Tech Private Limited,Gurgaon,"₹ 3,96,000 - 5,16,001",1 year(s),2 weeks ago
Technical Support Analyst,Regime Tax Solutions Private Limited,"Navi Mumbai, Mumbai","₹ 3,00,000",1 year(s),2 weeks ago
Junior WordPress Developer,Bixeltek,Hyderabad,"₹ 3,00,000",0 year(s),2 weeks ago
STEM Innovation Engineer/Mentor,Stemmantra Technologies Private Limited,"Delhi, Gurgaon, Hyderabad","₹ 2,03,500 - 3,30,000",0 year(s),2 weeks ago
Website Audit Video Creator (Remote),Alligner.com,Work from home,"₹ 2,00,000 - 4,00,000",0 year(s),2 weeks ago
Frontend Angular Developer,Regime Tax Solutions Private Limited,"Navi Mumbai, Mumbai","₹ 7,00,000",1 year(s),2 weeks ago
AI & Robotics Trainer,STEMpedia,"Ahmedabad, Delhi, Lucknow, Mysuru, Bhopal, Mumbai                                                        (Hybrid)",,"₹ 2,50,000 - 3,84,000 /year",2 weeks ago
Laravel And Next.js Developer,Developers Street,Agra,"₹ 2,00,000 - 3,00,000",1 year(s),2 weeks ago
SAP ABAP Associate,Ascendancy Technologies Private Limited,Bangalore,"₹ 2,00,000",1 year(s),2 weeks ago
AI/ML ERPNext Developer,Purple Cat Marketing,Work from home,"₹ 6,00,000",1 year(s),2 weeks ago
Technical Onsite Support Executive,WovV Technologies,Udaipur,"₹ 2,00,000 - 2,50,000",1 year(s),2 weeks ago
Full Stack Developer,Go Picnic Technology Solutions,"Chennai, Ramapuram","₹ 2,00,000",0 year(s),2 weeks ago
Associate Software Developer,Worko.ai,Bangalore,"₹ 3,00,000 - 6,00,000",1 year(s),2 weeks ago
Manual Tester,NexGen Innovators IT Services Private Limited,Delhi,"₹ 2,00,000 - 3,00,000",1 year(s),2 weeks ago
21st Century Skills Trainer,SKILLZINFINITY INDIA PRIVATE LIMITED,Bangalore,"₹ 3,00,000 - 4,20,000",1 year(s),2 weeks ago
Unity Game Developer,IDZ Digital Private Limited,Work from home,"₹ 2,00,000 - 3,00,000",0 year(s),2 weeks ago
Game Designer,IDZ Digital Private Limited,Mumbai,"₹ 2,00,000 - 3,00,000",0 year(s),2 weeks ago
Image Processing Associate,RProcess Outsourcing Services Pvt.Ltd,Mysuru,"₹ 2,00,000",0 year(s),2 weeks ago
Associate Python Developer,Startwith Basicx Private Limited,Jaipur,"₹ 2,00,000 - 4,00,000",0 year(s),2 weeks ago
Flutter Developer,Japam Spiritual Private Limited,Mohali,"₹ 4,50,000 - 6,00,000",1 year(s),2 weeks ago
Full Stack Developer,Ipex Logistics,Work from home,"₹ 3,00,000 - 5,00,000",0 year(s),2 weeks ago
AI-Powered Full-Stack Developer,CSTE International,Work from home,"₹ 3,00,000 - 4,20,000",1 year(s),2 weeks ago
Chief Product Manager(MBA Finance),Tridentstar Digital Systems Private Limited,"Pune, Mumbai                                                        (Hybrid)",,"₹ 5,00,000 - 6,00,000 /year",2 weeks ago
Android App Developer,Genesis,Work from home,"₹ 7,00,000 - 10,00,000",0 year(s),2 weeks ago
Junior Software Developer,Hexacom Technologies,Work from home,"₹ 2,00,000 - 4,00,000",0 year(s),2 weeks ago
Junior Android App Developer,Levia Technologies Private Limited,Work from home,"₹ 2,00,000 - 2,60,000",1 year(s),2 weeks ago
Web Developer,Elite Offshore Private Limited,Navi Mumbai,"₹ 2,00,000",1 year(s),3 weeks ago
Senior PHP Laravel Developer,Brandzzy SoftTech Private Limited,Bhubaneswar,"₹ 6,00,000 - 12,00,000",1 year(s),3 weeks ago
iOS App Developer,UPRISE SOLAR RESOURCES PRIVATE LIMITED,Work from home,"₹ 8,00,000 - 10,00,000",1 year(s),3 weeks ago
Associate iOS App Developer,UPRISE SOLAR RESOURCES PRIVATE LIMITED,Work from home,"₹ 7,00,000 - 9,00,000",1 year(s),3 weeks ago
Junior Software Tester,UPRISE SOLAR RESOURCES PRIVATE LIMITED,Work from home,"₹ 8,00,000 - 11,00,000",1 year(s),3 weeks ago
Junior Software Developer,UPRISE SOLAR RESOURCES PRIVATE LIMITED,Work from home,"₹ 7,00,000 - 9,00,000",1 year(s),3 weeks ago
Associate Software Tester,UPRISE SOLAR RESOURCES PRIVATE LIMITED,Work from home,"₹ 7,00,000 - 9,00,000",1 year(s),3 weeks ago
Associate Software Developer,UPRISE SOLAR RESOURCES PRIVATE LIMITED,Work from home,"₹ 7,00,000 - 9,00,000",1 year(s),3 weeks ago
Associate Mobile App Developer,UPRISE SOLAR RESOURCES PRIVATE LIMITED,Work from home,"₹ 7,00,000 - 9,00,000",1 year(s),3 weeks ago
Associate iOS App Developer,UPRISE SOLAR RESOURCES PRIVATE LIMITED,Work from home,"₹ 7,00,000 - 9,00,000",1 year(s),3 weeks ago
Associate Android App Developer,UPRISE SOLAR RESOURCES PRIVATE LIMITED,Work from home,"₹ 8,00,000 - 11,00,000",1 year(s),3 weeks ago
Android App Developer,UPRISE SOLAR RESOURCES PRIVATE LIMITED,Work from home,"₹ 7,00,000 - 9,00,000",1 year(s),3 weeks ago
Associate Ruby On Rails Developer,UPRISE SOLAR RESOURCES PRIVATE LIMITED,Work from home,"₹ 7,00,000 - 9,00,000",1 year(s),3 weeks ago
Internet of Things (IoT) Specialist,UPRISE SOLAR RESOURCES PRIVATE LIMITED,Work from home,"₹ 9,00,000 - 12,00,000",1 year(s),3 weeks ago
Internet of Things (IoT) Executive,UPRISE SOLAR RESOURCES PRIVATE LIMITED,Work from home,"₹ 9,00,000 - 12,00,000",1 year(s),3 weeks ago
Internet of Things (IoT) Associate,UPRISE SOLAR RESOURCES PRIVATE LIMITED,Work from home,"₹ 8,00,000 - 11,00,000",1 year(s),3 weeks ago
Cyber Security Manager,UPRISE SOLAR RESOURCES PRIVATE LIMITED,Work from home,"₹ 9,00,000 - 12,00,000",1 year(s),3 weeks ago
Cyber Security Executive,UPRISE SOLAR RESOURCES PRIVATE LIMITED,Work from home,"₹ 9,00,000 - 12,00,000",1 year(s),3 weeks ago
Cyber Security Associate,UPRISE SOLAR RESOURCES PRIVATE LIMITED,Work from home,"₹ 7,00,000 - 9,50,000",1 year(s),3 weeks ago
Associate Game Developer,UPRISE SOLAR RESOURCES PRIVATE LIMITED,Work from home,"₹ 6,00,000 - 9,00,000",1 year(s),3 weeks ago
.NET Developer,UPRISE SOLAR RESOURCES PRIVATE LIMITED,Work from home,"₹ 8,00,000 - 11,00,000",1 year(s),3 weeks ago
Firmware Developer - GET,IoTfy Solutions Private Limited,Delhi,"₹ 2,40,000 - 3,50,000",0 year(s),3 weeks ago
Assistant Software Engineer,Planys Technologies Private Limited,Chennai,"₹ 5,00,000 - 6,00,000",1 year(s),3 weeks ago
Programmer,UPRISE SOLAR RESOURCES PRIVATE LIMITED,Work from home,"₹ 7,00,000 - 10,00,000",1 year(s),3 weeks ago
Junior Programmer,UPRISE SOLAR RESOURCES PRIVATE LIMITED,Work from home,"₹ 7,00,000 - 9,00,000",1 year(s),3 weeks ago
Associate Programmer,UPRISE SOLAR RESOURCES PRIVATE LIMITED,Work from home,"₹ 8,00,000 - 10,00,000",1 year(s),3 weeks ago
Junior/Senior Network Engineer – Network Operations Center (NOC),Credeb Advisors LLP,"Lucknow, Meerut, Kochi, Sohna, Mohali","₹ 3,00,000 - 7,20,000",1 year(s),3 weeks ago
Flutter Developer – Mobile & Web App Development,Bunni Education Service Private Limited,Work from home,"₹ 3,00,000 - 4,20,000",1 year(s),3 weeks ago
Junior Full Stack Developer,Planys Technologies Private Limited,Chennai,"₹ 4,00,000 - 5,00,000",1 year(s),3 weeks ago
Software Developer,Sensel Telematics Pvt Ltd,Bangalore,"₹ 3,00,000 - 5,00,000",0 year(s),3 weeks ago
Founding Engineer,Calquity Technologies Private Limited,Work from home,"₹ 7,50,000 - 12,00,000",0 year(s),3 weeks ago
Founding Engineer,Calquity Technologies Private Limited,Work from home,"₹ 7,50,000 - 10,50,000",0 year(s),3 weeks ago
Junior WordPress Developer,Devgraphiq,Work from home,"₹ 4,00,000",0 year(s),3 weeks ago
Technical Trainer,CADD Centre,Bangalore,"₹ 2,10,000 - 3,30,000",0 year(s),3 weeks ago
Associate Python Developer,Silfra Technologies,"Pune, Bangalore","₹ 2,50,000 - 4,00,000",1 year(s),3 weeks ago
Full Stack Developer,BluEnt,"Faridabad, Delhi, Greater Noida, Noida","₹ 2,00,000 - 2,40,000",0 year(s),3 weeks ago
Junior Front End Developer,Zedex Info Private Limited,"Thane, Navi Mumbai, Mumbai","₹ 2,00,000",0 year(s),3 weeks ago
Junior WordPress Developer,Zedex Info Private Limited,Mumbai,"₹ 2,00,000",0 year(s),3 weeks ago
Shopify Website Developer,The World Of Nerds,"Hosur, Dharmapuri, Salem, Tamil Nadu, Krishnagiri","₹ 2,00,000 - 2,40,000",0 year(s),3 weeks ago
Full Stack Developer,I- Sourcing Technologies Private Limited (Tender247),Ahmedabad,"₹ 2,40,000 - 4,20,000",1 year(s),3 weeks ago
Senior WordPress Developer,SG Gurukul - NISM & Digital Marketing Institute And Agency,Indore,"₹ 2,50,000 - 4,50,000",1 year(s),3 weeks ago
Full Stack Developer,Jasya Consultancy Private Limited,"Ahmedabad, Mehsana, Vadodara, Bharuch","₹ 2,40,000 - 4,20,000",1 year(s),3 weeks ago
Full Stack Developer,Rankwatch,Work from home,"₹ 3,00,000 - 5,00,000",1 year(s),3 weeks ago
SEO Specialist,Happy Homes,Work from home,"₹ 2,00,000 - 3,00,000",1 year(s),3 weeks ago
Android App Developer,Rahul Sir Classes,Work from home,"₹ 3,00,000 - 6,00,000",1 year(s),3 weeks ago
PHP Developer,Noormertech,Gurgaon,"₹ 2,00,000 - 7,00,000",1 year(s),3 weeks ago
Full Stack Developer,Crenovent Technologies Private Limited,Noida,"₹ 3,50,000 - 7,00,000",1 year(s),3 weeks ago
Python Developer,Techgsinterns,Work from home,"₹ 3,00,000 - 4,80,000",1 year(s),3 weeks ago
Junior Software Developer,SyncMonk Technologies,Bangalore,"₹ 3,30,000 - 4,20,000",0 year(s),3 weeks ago
Warehouse Executive,Areete Business Solutions,Pune,"₹ 2,04,000 - 13,00,000",1 year(s),3 weeks ago
Android App Developer,Weavers Web,Kolkata,"₹ 2,00,000 - 3,20,000",0 year(s),3 weeks ago
Backend Developer,Trade Brains,Bangalore,"₹ 4,20,000 - 4,50,000",1 year(s),3 weeks ago
Shopify Coder,Working Weekends,Work from home,"₹ 4,50,000",1 year(s),3 weeks ago
Trainee Engineer - Quality,E2E Rail,Bangalore,"₹ 2,40,000 - 3,60,000",0 year(s),3 weeks ago
Trainee Software Engineer,GigaForce Software Private Limited,Noida,"₹ 4,20,000 - 5,00,000",0 year(s),3 weeks ago
Senior IT Executive,Garodia Group,Mumbai,"₹ 5,00,000 - 7,00,000",1 year(s),3 weeks ago
Laptop Service Engineer,Cyber Desk Experts,Hyderabad,"₹ 2,18,000 - 3,80,000",1 year(s),3 weeks ago
Product & Sales Growth Manager – E-commerce & Social Media,Ampro TechValley,Salem,"₹ 2,20,000 - 2,80,000",1 year(s),3 weeks ago
Tech Trainer,ENpower,Ahmedabad,"₹ 2,00,000 - 2,20,000",0 year(s),3 weeks ago
Junior Software Developer,App Genesis Soft Solutions Private Limited,"Machilipatnam, Vijayawada","₹ 2,00,000",0 year(s),3 weeks ago
Digital Marketing Associate,Srishta Silk,Bangalore,"₹ 2,00,000 - 2,20,000",0 year(s),3 weeks ago
Mern Trainer,Learnify,Hyderabad,"₹ 2,00,000 - 4,00,000",1 year(s),3 weeks ago
Subject Matter Expert- Computer Science,Vaidik EduServices Private Limited,Work from home,"₹ 2,00,000",0 year(s),3 weeks ago
Network & IT Infrastructure Executive,Walnut Research And Development Centre,Pune,"₹ 2,50,000 - 3,00,000",0 year(s),3 weeks ago
Quality Engineer,AN GLOBAL SERVICES,Noida,"₹ 2,52,000 - 5,14,000",1 year(s),3 weeks ago
Senior Backend Developer,NodeStar,Work from home,"$ 44,401 - 69,000",1 year(s),3 weeks ago
Senior Web Developer,RJ Global Solutions,Hyderabad,"₹ 4,96,000 - 7,50,000",1 year(s),3 weeks ago
Full Stack Developer,Parsh Technologies,Rajkot,"₹ 2,00,000 - 4,00,000",0 year(s),3 weeks ago
Software Developer,Micropack Industrial Instruments,Meerut,"₹ 3,00,000 - 4,00,000",1 year(s),3 weeks ago
Associate Software Developer,Jina Code Systems LLP,Gurgaon,"₹ 7,00,000 - 9,50,000",1 year(s),3 weeks ago
Quality Analyst,AVM Healthcare Products Private Limited,Delhi,"₹ 2,30,000 - 2,50,000",1 year(s),3 weeks ago
Compliance Executive,AVM Healthcare Products Private Limited,Delhi,"₹ 2,40,000 - 2,60,000",1 year(s),3 weeks ago
Trainee - Infrastructure Engineer,Ivy Mobility Solutions,Chennai,"₹ 3,00,000 - 3,50,000",0 year(s),3 weeks ago
Full Stack Developer,Source Good Food Tech Pvt Ltd,"Mumbai, Cochin","₹ 2,00,000",0 year(s),3 weeks ago
WordPress Developer,Jagzap Engineering,Nashik,"₹ 2,20,000 - 2,50,000",1 year(s),3 weeks ago
Quality Executive,AVM Healthcare Products Private Limited,Delhi,"₹ 2,20,000 - 2,40,000",0 year(s),3 weeks ago
Wordpress & Shopify Developer,Keval Raval,Work from home,"₹ 2,00,000",1 year(s),3 weeks ago
Associate iOS App Developer,Five 9s Solutions,Hyderabad,"₹ 3,00,000 - 5,00,000",0 year(s),3 weeks ago
Python Developer,Smartplot,Work from home,"₹ 2,00,000 - 4,00,000",0 year(s),3 weeks ago
Junior Software Tester,Globussoft,Bhilai,"₹ 2,00,000",0 year(s),3 weeks ago
Back End Executive,MainlineIT,Work from home,"₹ 4,00,000 - 7,00,000",0 year(s),3 weeks ago
Full Stack Developer,TurningCloud Solutions Private Limited,Work from home,"₹ 5,00,000 - 10,00,000",1 year(s),3 weeks ago
Junior Software Tester,Quantasis Private Limited,Mumbai,"₹ 3,20,000 - 3,30,001",1 year(s),3 weeks ago
Senior WordPress Developer,Ultra Display Ads,Work from home,"$ 4,801 - 8,500",1 year(s),3 weeks ago
Flutter Mobile App Developer,GreyLearn,"Thane, Navi Mumbai, Kalyan, Mumbai, Panvel                                                        (Hybrid)",,"₹ 3,00,000 - 3,50,000 /year",3 weeks ago
Web Developer,Exim Consultancy,Ghaziabad,"₹ 2,00,000 - 2,50,000",0 year(s),3 weeks ago
Associate Software Developer,Razor Edge Analytics Private Limited,Mumbai,"₹ 4,25,000 - 6,00,000",0 year(s),3 weeks ago
Junior Full Stack Developer (Fresher),Swabhav Venturelabs,Mumbai,"₹ 4,00,000 - 4,30,000",0 year(s),3 weeks ago
Technical Support Engineer,BusinessOnBot,Bangalore,"₹ 5,00,000 - 6,00,000",1 year(s),3 weeks ago
Product Specialist,SocialPilot,Work from home,"₹ 5,00,000 - 7,00,000",1 year(s),3 weeks ago
React JS Frontend Developer,ElevateX,Mumbai,"₹ 3,60,000 - 4,80,000",1 year(s),3 weeks ago
Senior Node JS Backend Developer,ElevateX,Mumbai,"₹ 4,20,000 - 5,40,000",1 year(s),3 weeks ago
QA Engineer- Manual Testing,KoiReader Technologies,Work from home,"₹ 3,00,000 - 4,00,000",1 year(s),3 weeks ago
Backend Maintenance Executive,Redoak Computing,Work from home,"₹ 4,00,000 - 7,00,000",0 year(s),3 weeks ago
Full Stack Developer,Lazy Idli Private Limited,Bangalore,"₹ 4,80,000 - 5,70,000",1 year(s),3 weeks ago
Computer Faculty,Hartron Skill Centre,Yamunanagar,"₹ 2,00,000 - 2,70,000",0 year(s),3 weeks ago
IOT Engineer,NERASTECH ( NEWERAS ENERCON TECHNOLOGIES PVT LTD.),Bangalore,"₹ 4,50,000 - 6,00,000",1 year(s),3 weeks ago
WordPress Developer,DigitalVia Technologies (OPC) Private Limited,Indore,"₹ 2,00,000 - 3,00,000",1 year(s),3 weeks ago
Senior PHP Developer,WES Consultancy & Services Private Limited,Raipur,"₹ 2,00,000 - 5,00,000",1 year(s),3 weeks ago
WordPress Developer,Foremost Leads,Work from home,"₹ 2,40,000 - 6,00,000",1 year(s),3 weeks ago
Junior Software Developer,MFIT Technologies Private Limited,Mumbai                                                        (Hybrid),,"₹ 4,00,000 - 6,00,000 /year",3 weeks ago
Associate QA (Live Ops),BlackLight Studio Works,Noida,"₹ 3,00,000 - 5,00,000",1 year(s),3 weeks ago
DevOps Engineer,Swayatt Drishtigochar,Gurgaon,"₹ 3,00,000 - 4,20,000",1 year(s),3 weeks ago
Software Developer,Unsquare,"Thane, Mumbai","₹ 2,60,000 - 3,15,000",0 year(s),3 weeks ago
Front End Developer,Maximilian Globus,Mumbai,"₹ 6,00,000 - 7,00,000",1 year(s),3 weeks ago
Full Stack Developer,CXO Branding,Bangalore,"₹ 2,50,000 - 4,00,000",1 year(s),3 weeks ago
Associate Mobile App Developer,EaseRent,Work from home,"₹ 2,50,000 - 2,50,002",1 year(s),3 weeks ago
Electronics Engineer,Mirabilis Design Incorporation,Work from home,"₹ 6,00,000 - 20,00,000",1 year(s),3 weeks ago
Junior Software Developer,SSTPath,Bangalore,"₹ 2,00,000 - 2,36,001",1 year(s),3 weeks ago
Software Tester,Jina Code Systems LLP,Gurgaon,"₹ 3,00,000 - 4,00,000",1 year(s),3 weeks ago
Junior Software Tester,Gloify,Bangalore,"₹ 2,50,000 - 3,00,000",1 year(s),3 weeks ago
Full Stack Developer,AI.Rawat,Work from home,"₹ 2,85,000 - 3,20,000",0 year(s),3 weeks ago
Software Engineer,ProductRx Consulting Private Limited,Hyderabad                                                        (Hybrid),,"₹ 4,00,000 - 8,00,000 /year",3 weeks ago
Information Technology Engineer,Cube Software Private Limited,"Chennai, Delhi, Ghaziabad, Gurgaon, Hyderabad, Mumbai, Noida, Bangalore","₹ 2,12,000 - 4,40,000",1 year(s),3 weeks ago
Performance Marketing Executive,Ayurveda House Private Limited,Delhi,"₹ 3,00,000 - 3,60,000",1 year(s),3 weeks ago
Software Test Engineer (Generative AI Platform),AIVOA,Work from home,"₹ 2,00,000 - 2,25,000",0 year(s),3 weeks ago
Customer Success (Tech Support - SaaS Software),PeakScale Technologies Private Limited,Work from home,"₹ 2,40,000 - 3,00,000",0 year(s),3 weeks ago
Python Full Stack Developer,Megaminds IT Services,Hyderabad,"₹ 2,00,000 - 2,50,000",0 year(s),3 weeks ago
React Native Developer,Agnitimba Private Limited,Work from home,"₹ 5,00,000",1 year(s),3 weeks ago
WordPress Developer,Born Genius,Work from home,"₹ 3,00,000 - 4,50,000",0 year(s),3 weeks ago
Shopify Developer / Expert,The Affordable Organic Store,Kompally,"₹ 3,00,000 - 3,43,728",1 year(s),3 weeks ago
Product Specialist,Mediklik,Raipur,"₹ 3,00,000 - 4,50,000",1 year(s),3 weeks ago
Sales Development Representative - US Market,Contlo,Bangalore,"₹ 10,00,000 - 20,00,000",1 year(s),3 weeks ago
Computer Executive,Redoak Computing,Work from home,"₹ 4,00,000 - 7,00,000",0 year(s),3 weeks ago
Golang Developer,AppVersal,"Delhi, Noida","₹ 2,00,000 - 5,00,000",1 year(s),3 weeks ago
Junior Front End Developer,Reli.AI,Work from home,"₹ 2,00,000 - 4,00,000",1 year(s),3 weeks ago
Software Engineer (Flutter/Full-Stack),Z NATURALS,Work from home,"₹ 10,00,000 - 20,00,000",0 year(s),3 weeks ago
Associate Software Developer,SECRET VMS TECHNOLOGIES LLP,Work from home,"₹ 3,50,000 - 4,50,000",0 year(s),3 weeks ago
Full Stack Developer,OneStopKYC,Mumbai,"₹ 2,00,000 - 2,40,000",1 year(s),3 weeks ago
Computer Vision Specialist,Kauriink Private Limited,Delhi,"₹ 9,60,000 - 13,00,000",1 year(s),3 weeks ago
Junior Laravel Developer,Blue Waves Media,Kolkata,"₹ 2,00,000 - 2,50,000",0 year(s),3 weeks ago
Corporate Sales Executive,Wrapit Coders,"Chandigarh, Indore, Lucknow, Bhopal, Jaipur                                                        (Hybrid)",,"₹ 2,00,000 - 2,70,000 /year",3 weeks ago
WordPress Developer,SigntoDesign,Bangalore                                                        (Hybrid),,"₹ 3,00,000 - 3,20,000 /year",3 weeks ago
Information Technology Engineer,Global Hiring Services,Noida,"₹ 2,00,000 - 5,00,000",0 year(s),3 weeks ago
Full Stack Software Engineer,Immigrader Tech LLC,Work from home,"₹ 2,00,000 - 2,40,000",0 year(s),3 weeks ago
Full Stack Developer,Swan Investment,Work from home,"₹ 4,00,000 - 8,00,000",1 year(s),3 weeks ago
Production Supervisor,Pro ESD Private Limited,Chennai,"₹ 2,40,000 - 2,80,000",0 year(s),3 weeks ago
Software Development Engineer-1 (Frontend),VidyutTech Services Private Limited,Bangalore,"₹ 7,00,000 - 12,00,000",1 year(s),3 weeks ago
Artificial Intelligence (AI) Associate,NetWit,Work from home,"₹ 2,00,000 - 8,00,000",1 year(s),3 weeks ago
Web Developer,NetWit,Work from home,"₹ 3,00,000 - 5,00,000",1 year(s),3 weeks ago
Digital Operations Executive,Unibots,Delhi,"₹ 2,50,000 - 3,50,000",0 year(s),3 weeks ago
.NET Developer,Softel Technologies Incorporation,Mumbai,"₹ 2,00,000 - 2,00,001",0 year(s),3 weeks ago
Android App Developer,StarShield Technologies Private Limited,Ghaziabad,"₹ 2,00,000 - 2,50,000",1 year(s),3 weeks ago
Big Data Executive,JCDC,Pune                                                        (Hybrid),,"₹ 2,20,000 /year",3 weeks ago
Web Developer,Dataknobs,Work from home,"₹ 3,00,000",1 year(s),3 weeks ago
Junior Web Developer,National Vidya Foundation,"Kolkata, Howrah","₹ 2,00,000 - 3,00,000",1 year(s),3 weeks ago
Associate Software Developer,Design Centric,"Navi Mumbai, Mumbai","₹ 3,18,000 - 4,00,000",1 year(s),3 weeks ago
Artificial Intelligence (AI) Associate,New Business Strategies Corporation,Work from home,"₹ 3,00,000 - 6,00,000",1 year(s),3 weeks ago
Full Stack Developer,Arham Agro Exports,Mumbai                                                        (Hybrid),,"₹ 2,65,000 - 3,25,000 /year",3 weeks ago
Full Stack Developer,Fine Data Analytics Private Limited,Gurgaon,"₹ 2,00,000 - 4,00,000",1 year(s),3 weeks ago
Java Developer,Multivirt India Private Limited,"Faridabad, Ghaziabad, Gurgaon, Noida, Delhi","₹ 2,10,000 - 3,20,000",1 year(s),3 weeks ago
Database & Systems Administrator,Regime Tax Solutions Private Limited,"Thane, Navi Mumbai, Mumbai","₹ 7,00,000 - 10,00,000",1 year(s),3 weeks ago
Java Backend Developer,Regime Tax Solutions Private Limited,"Thane, Navi Mumbai, Mumbai","₹ 8,00,000 - 12,00,000",1 year(s),3 weeks ago
DevOps Engineer,Regime Tax Solutions Private Limited,"Thane, Navi Mumbai, Mumbai","₹ 6,00,000 - 8,00,000",1 year(s),3 weeks ago
"Artificial Intelligence (AI) (Computer Vision, NLP & GenerativeAI)",ProductizeTech,Work from home,"₹ 4,00,000 - 5,00,000",0 year(s),3 weeks ago
Image Processing Executive,Super Maternal,Work from home,"₹ 3,06,000 - 4,20,000",0 year(s),3 weeks ago
JavaScript Developer,Cloud Express Solutions Private Limited,Work from home,"₹ 2,00,000 - 4,80,000",0 year(s),3 weeks ago
Mobile App Developer,DSD Systems Private Limited,Noida,"₹ 2,00,000 - 3,20,000",1 year(s),3 weeks ago
Python Developer,Custom Elements Private Limited,Bangalore,"₹ 3,00,000 - 4,00,000",1 year(s),3 weeks ago
Junior Full Stack Developer,Shubhchintak,"Navi Mumbai, Mumbai, Vasai-Virar                                                        (Hybrid)",,"₹ 2,60,000 - 4,00,000 /year",3 weeks ago
Python Developer,AIVOA,Work from home,"₹ 2,00,000 - 2,30,000",0 year(s),3 weeks ago
Full Stack Engineer,Talent Corner HR Services Private Limited,Mumbai,"₹ 20,00,000 - 35,00,000",6 year(s),1 day ago
Software Developer,Almighty HRD Consultants,Coimbatore,Competitive salary,2 year(s),1 day ago
Backend Developer,Huemn,Hyderabad,Competitive salary,1 year(s),1 day ago
Senior Sap MM Consultant,INTINERI INFOSOL PRIVATE LIMITED,Pune,"₹ 9,00,000 - 24,00,000",7 year(s),1 day ago
Quality Analyst,Biz4Group LLC,Jaipur,"₹ 2,40,000 - 3,60,000",1 year(s),1 day ago
Product Manager,Crafts By Elegance,Bangalore,Competitive salary,4 year(s),1 day ago
Management Information System Executive,Aertrip,Delhi,"₹ 2,40,000 - 3,60,000",4 year(s),1 day ago
Level 3 Network Engineer,Kiash Solutions LLP,Hyderabad,"₹ 20,00,000 - 25,00,000",7 year(s),2 days ago
Project Manager,V3Cube,Ahmedabad,"₹ 10,00,000 - 12,00,000",7 year(s),2 days ago
Sr Cyber Security Analyst,Kiash Solutions LLP,Bangalore,"₹ 10,00,000 - 15,00,000",3 year(s),2 days ago
Backup Administrator - Guwahati,Jio,Guwahati,Competitive salary,4 year(s),2 days ago
Dotnet Azure Developer,Kiash Solutions LLP,"Ahmedabad, Anand, Vadodara","₹ 10,00,000 - 15,00,000",3 year(s),2 days ago
Junior Node.js Developer,Web Idea Solution LLP,Work from home,"₹ 4,80,000 - 7,20,000",2 year(s),2 days ago
System Cloud Admin,Kiash Solutions LLP,"Ahmedabad, Vadodara, Bharuch","₹ 8,00,000 - 11,00,000",4 year(s),2 days ago
Java Developer With Selenium,GoldenHire Consultancy,"Gurgaon, Noida, Bangalore",Competitive salary,4 year(s),2 days ago
Sr. Azure Data Engineer,ALIQAN Technologies,Work from home,"₹ 12,00,000 - 13,20,000",8 year(s),2 days ago
Software Engineer In Test,GoldenHire Consultancy,"Gurgaon, Noida, Bangalore",Competitive salary,5 year(s),3 days ago
Sr. .Net Blazor Developer,Web Idea Solution LLP,Work from home,"₹ 10,00,000 - 12,00,000",5 year(s),3 days ago
Gainsight Consultant Freelance Remote,Agodly Infotech LLP,Work from home,Competitive salary,5 year(s),3 days ago
Cybersecurity Compliance Transition Expert,Agodly Infotech LLP,Work from home,Competitive salary,5 year(s),3 days ago
Java Full Stack Developer,Web Idea Solution LLP,"Noida, Bangalore, Pune Division",Competitive salary,4 year(s),3 days ago
Salesforce Developer,Web Idea Solution LLP,Bangalore,"₹ 12,00,000 - 15,00,000",4 year(s),3 days ago
SAP SD Consultant,INTINERI INFOSOL PRIVATE LIMITED,Pune,"₹ 9,00,000 - 22,00,000",6 year(s),3 days ago
Project Coordinator - Ahmedabad,V3Cube,Ahmedabad,"₹ 3,00,000 - 6,00,000",2 year(s),3 days ago
Quality Assurance Tester,Money Honey Financial Services Private Limited,Mumbai,Competitive salary,1 year(s),3 days ago
Full Stack Developer,Blurbpoint Media,Ahmedabad,Competitive salary,3 year(s),3 days ago
Senior Java Developer,Ultrafly Solutions Private Limited,Bangalore,Competitive salary,5 year(s),3 days ago
MS Dynamics F&O Developers,Admin Looks,"Delhi, Noida","₹ 13,00,000 - 18,00,000",4 year(s),4 days ago
Product Manager,VectorStack,Bangalore,"₹ 6,00,000 - 10,00,000",3 year(s),4 days ago
Magento Developer,Colan Infotech Private Limited,Chennai,Competitive salary,5 year(s),4 days ago
Cloud Solution Architect,Jio,"Delhi, Pune, Mumbai, Bangalore",Competitive salary,12 year(s),4 days ago
Program Manager-Cloud Adoption,Jio,"Gurgaon, Pune, Mumbai, Bangalore",Competitive salary,15 year(s),4 days ago
Software Developer ASP.NET MVC,VITAL INTELLIGENCE TECHNOLOGY PRIVATE LIMITED,Ahmedabad,"₹ 3,60,000 - 8,40,000",2 year(s),4 days ago
System Network Administrator,Xomic Infotech Private Limited,Ahmedabad,"₹ 2,50,000 - 3,00,000",1 year(s),4 days ago
SENIOR TECHNICAL ENGINEER  Huawei Storage,Intertec Softwares Pvt Ltd,Indore,Competitive salary,7 year(s),4 days ago
Packaging Research Associate,Vilvah Store Private Limited,Coimbatore,Competitive salary,1 year(s),4 days ago
Informatica Developer Remote Freelance,Agodly Infotech LLP,Work from home,Competitive salary,10 year(s),4 days ago
Cloud Application Migration Architect,Jio,"Gurgaon, Mumbai, Bangalore",Competitive salary,10 year(s),4 days ago
Application Support & Site Reliability Engineer,Hire Wings,Hyderabad,"₹ 4,00,000 - 25,00,000",4 year(s),4 days ago
Back End Developer,Lifesight,Bangalore,Competitive salary,3 year(s),4 days ago
QUALITY MANAGER,Almighty HRD Consultants,Hosur,"₹ 10,00,000 - 12,00,000",12 year(s),4 days ago
Kubernetes Developer,Jio,"Delhi, Gurgaon, Noida",Competitive salary,6 year(s),5 days ago
Salesforce LWC Developer,Agodly Infotech LLP,Pune Division,Competitive salary,4 year(s),5 days ago
Storage Backup SME,Jio,"Gurgaon, Mumbai, Bangalore",Competitive salary,10 year(s),5 days ago
PHP Developer - Ahmedabad,V3Cube,Ahmedabad,"₹ 3,00,000 - 6,00,000",2 year(s),5 days ago
Project Manager,INTINERI INFOSOL PRIVATE LIMITED,Work from home,"₹ 15,00,000 - 45,00,000",10 year(s),5 days ago
Quality Shift Incharge - Navi Mumbai Location,Reliance Retail,Navi Mumbai,"₹ 4,00,000 - 7,00,000",2 year(s),5 days ago
Technical Specialist - Windows,Intertec Softwares Pvt Ltd,,Competitive salary,7 year(s),5 days ago
Backup And Storage Engineer,Intertec Softwares Pvt Ltd,,Competitive salary,7 year(s),6 days ago
Appian Architect,INTINERI INFOSOL PRIVATE LIMITED,Work from home,"₹ 12,00,000 - 45,00,000",10 year(s),6 days ago
Node.js + Angular Developer,Admin Looks,"Delhi, Noida","₹ 4,00,000 - 5,50,000",3 year(s),7 days ago
Java Developer,Cloudious LLC,Chennai,"₹ 10,00,000 - 15,00,000",8 year(s),7 days ago
CodeIgniter Developer,Web Idea Solution LLP,Kolkata,Competitive salary,2 year(s),1 week ago
Operetional Process Management Executive,Web Idea Solution LLP,Kolkata,Competitive salary,1 year(s),1 week ago
PRESALES CONSULTANT  COMPUTE INFRASTRUCTURE,Intertec Softwares Pvt Ltd,,Competitive salary,7 year(s),1 week ago
Python Developer,Muks Robotics  The AI Robotics Company,Pune,Competitive salary,3 year(s),1 week ago
SAP BASIS Consultant,Cloudious LLC,"Chennai, Bangalore","₹ 6,00,000 - 13,00,000",5 year(s),1 week ago
Software Engineer (.Net Full Stack) - X Delivery,Boston Consulting Group,Gurgaon,Competitive salary,2 year(s),1 week ago
Software Engineer - X Delivery,Boston Consulting Group,"Gurgaon, Bangalore",Competitive salary,2 year(s),1 week ago
Associate Tech Lead  Next.js | Node.js | MySQL,Intertec Softwares Pvt Ltd,,Competitive salary,7 year(s),1 week ago
Senior Python Developer,MagikKraft,Ahmedabad,Competitive salary,5 year(s),1 week ago
Python Developer,IC Data,Hyderabad,Competitive salary,8 year(s),1 week ago
Telecom Coordinator,Intertec Softwares Pvt Ltd,Indore,Competitive salary,2 year(s),1 week ago
SAP ABAP Consultant,INTINERI INFOSOL PRIVATE LIMITED,Pune,"₹ 7,00,000 - 20,00,000",7 year(s),1 week ago
WebDriver IO Automation Tester Lead,ALIQAN Technologies,Work from home,Competitive salary,8 year(s),1 week ago
Jr. Business Analyst,Xomic Infotech Private Limited,Ahmedabad,"₹ 3,00,000 - 3,50,000",1 year(s),1 week ago
Front-end Developer,Foodbuddies,Chennai,Competitive salary,4 year(s),1 week ago
Java Developer,Ultrafly Solutions Private Limited,Coimbatore,Competitive salary,3 year(s),1 week ago
Laravel Developer,NCode Technologies Inc.,Ahmedabad,"₹ 2,40,000 - 5,40,000",2 year(s),1 week ago
Java Architect,Almighty HRD Consultants,Bangalore,"₹ 20,00,000 - 35,00,000",7 year(s),1 week ago
IAM Podcast Powered By Iamops.io,Zensar Technologies,"Gurgaon, Hyderabad, Noida",Competitive salary,8 year(s),1 week ago
L2 Support,Zensar Technologies,Work from home,Competitive salary,4 year(s),1 week ago
Azure Databricks,Zensar Technologies,"Pune, Mumbai",Competitive salary,5 year(s),1 week ago
Senior Developer - ReactJS Full Stack,ALIQAN Technologies,,Competitive salary,6 year(s),1 week ago
Senior Python ETL Developer/Lead,ALIQAN Technologies,,Competitive salary,5 year(s),1 week ago
Odoo Developers,VITAL INTELLIGENCE TECHNOLOGY PRIVATE LIMITED,Ahmedabad,Competitive salary,4 year(s),1 week ago
Business Development Executive - Ahmedabad,V3Cube,Ahmedabad,"₹ 4,00,000 - 7,00,000",2 year(s),1 week ago
Freelance Interviewer-Full Stack (Optimizely),Futuremug,Thiruvananthapuram,"₹ 6,24,000 - 12,48,000",8 year(s),1 week ago
Java Developer,Agodly Infotech LLP,Gurgaon,Competitive salary,10 year(s),1 week ago
Pvt. Cloud SME/Architect,Jio,"Delhi, Mumbai, Bangalore","₹ 20,00,000 - 40,00,000",10 year(s),1 week ago
Pre-Sales Consultants,Jio,"Delhi, Navi Mumbai, Bangalore",Competitive salary,10 year(s),1 week ago
Teamcenter Admin,Thinkinnov Solution Technologies Private Limited,"Chennai, Hyderabad, Noida, Bangalore","₹ 14,00,000 - 16,00,000",8 year(s),1 week ago
Quality Assurance Manager,Reliance Retail,,"₹ 26,00,000 - 35,00,000",12 year(s),1 week ago
.NET Developer,INTINERI INFOSOL PRIVATE LIMITED,Pune,"₹ 7,00,000 - 18,00,000",4 year(s),1 week ago
.Net React With AWS Developer,Web Idea Solution LLP,Work from home,"₹ 8,00,000 - 12,00,000",3 year(s),1 week ago
Laravel Developer,Web Idea Solution LLP,Kolkata,Competitive salary,2 year(s),1 week ago
Quality Assurance Engineer I,Amazon,Bangalore,Competitive salary,1 year(s),1 week ago
Quality Assurance Technician,Amazon,Bangalore,Competitive salary,1 year(s),1 week ago
Devops Architect,Jio,"Gurgaon, Mumbai",Competitive salary,10 year(s),1 week ago
Data Scientist Engineer,ALIQAN Technologies,Noida,Competitive salary,6 year(s),1 week ago
RPA Business Analyst,INTINERI INFOSOL PRIVATE LIMITED,Work from home,"₹ 9,60,000 - 16,80,000",7 year(s),1 week ago
Jr. IOS Developer,MSP Concepts,Ahmedabad,"₹ 3,00,000 - 3,60,000",1 year(s),1 week ago
HM Consulting SAP HCM,Brainhunter Recruiting Pvt Ltd,"Delhi, Kanpur, Lucknow, Patna","₹ 9,00,000 - 15,00,000",4 year(s),1 week ago
"Software Development Engineer II, AWD",Amazon,Bangalore,Competitive salary,3 year(s),1 week ago
Software Development Engineer II,Amazon,Chennai,Competitive salary,3 year(s),1 week ago
Senior Software Developer,Intertec Softwares Pvt Ltd,,Competitive salary,8 year(s),1 week ago
Senior Software Engineer,Intertec Softwares Pvt Ltd,,Competitive salary,7 year(s),1 week ago
PHP Developer,Ultrafly Solutions Private Limited,Coimbatore,Competitive salary,1 year(s),1 week ago
SME MSSQL,Jio,Delhi,Competitive salary,8 year(s),1 week ago
SME - PostgreSQL  (JIO),Jio,Delhi,Competitive salary,8 year(s),1 week ago
Database Administrator,Jio,Guwahati,Competitive salary,3 year(s),1 week ago
Senior Teamcenter Developer,Thinkinnov Solution Technologies Private Limited,Bangalore,"₹ 15,00,000 - 18,00,000",4 year(s),1 week ago
D365 Power Pages UX/UI Developer,Brainhunter Recruiting Pvt Ltd,"Chennai, Gurgaon, Bangalore","₹ 12,00,000 - 18,00,000",4 year(s),1 week ago
WED DEVELOPMENT,Bi Paints,Surat,"₹ 3,00,000 - 4,20,000",1 year(s),2 weeks ago
Junior Third-Party Risk Assessor,NETSACH GLOBAL,Bangalore,Competitive salary,4 year(s),2 weeks ago
Java Developer,NETSACH GLOBAL,Bangalore,Competitive salary,6 year(s),2 weeks ago
Oracle BRM Developer,NETSACH GLOBAL,Bangalore,Competitive salary,4 year(s),2 weeks ago
UI Automation,NETSACH GLOBAL,Bangalore,Competitive salary,4 year(s),2 weeks ago
Cloud Administrator,Jio,Bhubaneswar,Competitive salary,3 year(s),2 weeks ago
Automation Anywhere Developer,INTINERI INFOSOL PRIVATE LIMITED,Work from home,"₹ 10,80,000 - 16,80,000",7 year(s),2 weeks ago
Senior Quality Assurance Automation Engineer,Chiselon Technologies Pvt Ltd,Hyderabad,Competitive salary,2 year(s),2 weeks ago
.NET Developer,Futuremug,Thiruvananthapuram,Competitive salary,1 year(s),2 weeks ago
GOOGLE SHEET DEVELOPER,Rawalwasia Groups,Surat,Competitive salary,2 year(s),2 weeks ago
CCTV Technician,Netsrx Electronic Security Solutions Private Limited,"Mumbai, Pune Division",Competitive salary,0 year(s),2 weeks ago
Senior Support Engineer- L1 Support (MarinePALS),Storch Consultancy Private Limited,Gurgaon,"₹ 5,00,000 - 5,80,000",5 year(s),2 weeks ago
Sr. Technical Support Engineer (ContactCenter),Intertec Softwares Pvt Ltd,Mumbai,Competitive salary,8 year(s),2 weeks ago
Senior Functional Consultant - D365 F&O,Intertec Softwares Pvt Ltd,,Competitive salary,7 year(s),2 weeks ago
DotNet Developer,INTINERI INFOSOL PRIVATE LIMITED,Pune,"₹ 5,00,000 - 18,00,000",7 year(s),2 weeks ago
Angular Developer,ALIQAN Technologies,Noida,Competitive salary,4 year(s),2 weeks ago
Fusion Developer,INTINERI INFOSOL PRIVATE LIMITED,Chennai,"₹ 12,00,000 - 35,00,000",7 year(s),2 weeks ago
MFT Axway Administration & Developer,Web Idea Solution LLP,,"₹ 20,00,000 - 27,00,000",6 year(s),2 weeks ago
Senior Informatica Engineer,Web Idea Solution LLP,Work from home,"₹ 20,00,000 - 27,00,000",6 year(s),2 weeks ago
Senior .Net Core Developer,Q1 Technology,"Chennai, Dehradun, Pune, Mumbai, Noida, Nagpur, Bangalore",Competitive salary,9 year(s),2 weeks ago
Python Developer,Admin Looks,"Pune, Hyderabad, Pune Division","₹ 6,60,000 - 11,40,000",5 year(s),2 weeks ago
Front End Developer,Almuqeet Systems,Mohali,Competitive salary,1 year(s),2 weeks ago
.NET Core Developer,Q1 Technology,"Chennai, Dehradun, Pune, Mumbai, Noida, Nagpur, Bangalore",Competitive salary,6 year(s),2 weeks ago
.NET Developer,Chiselon Technologies Pvt Ltd,Hyderabad,Competitive salary,7 year(s),2 weeks ago
Salesforce Developer,Agodly Infotech LLP,Pune Division,Competitive salary,4 year(s),2 weeks ago
Senior Quality Assurance Automation Engineer,Chiselon Technologies Pvt Ltd,Hyderabad,Competitive salary,7 year(s),2 weeks ago
Jr. Java Developer,Xomic Infotech Private Limited,Ahmedabad,"₹ 3,00,000 - 7,20,000",1 year(s),2 weeks ago
WordPress Developer,Synergy Resource Solutions,Ahmedabad,"₹ 3,00,000 - 10,00,000",2 year(s),2 weeks ago
Technical Support Engineer - SOC,Intertec Softwares Pvt Ltd,Indore,Competitive salary,5 year(s),2 weeks ago
Technical Support Engineer - VDI,Intertec Softwares Pvt Ltd,Indore,Competitive salary,4 year(s),2 weeks ago
Technical Support Engineer - SCCM,Intertec Softwares Pvt Ltd,Indore,Competitive salary,5 year(s),2 weeks ago
Technical Specialist - Windows Admin,Intertec Softwares Pvt Ltd,Indore,Competitive salary,8 year(s),2 weeks ago
Web Developer,Easa College Of Engineering & Technology,Coimbatore,Competitive salary,3 year(s),2 weeks ago
SAP SD Project Manager,INTINERI INFOSOL PRIVATE LIMITED,Pune,"₹ 15,00,000 - 45,00,000",10 year(s),2 weeks ago
Builder SDK,IC Data,Hyderabad,Competitive salary,8 year(s),2 weeks ago
Backend Developer,Huemn,Hyderabad,Competitive salary,1 year(s),3 weeks ago
Angular Developer,JobsFlix,Salem,"₹ 6,00,000 - 8,00,000",4 year(s),3 weeks ago
Lead Software Engineer,JobsFlix,Salem,"₹ 12,00,000 - 18,00,000",8 year(s),3 weeks ago
Technical Support Engineer,Rubik Infotech Pvt Ltd.,Ahmedabad,"₹ 4,20,000 - 5,40,000",4 year(s),3 weeks ago
Unity Developers,MadVR Solutions Private Limited,Work from home,Competitive salary,3 year(s),3 weeks ago
SAP Fiori Developer,NETSACH GLOBAL,Bangalore,Competitive salary,5 year(s),3 weeks ago
Azure Platform Engineer,Admin Looks,Work from home,"₹ 12,00,000 - 15,00,000",7 year(s),3 weeks ago
Senior Data Engineer,Jio,Mumbai,Competitive salary,6 year(s),3 weeks ago
Full Stack Developer,Setindiabiz,Noida,Competitive salary,4 year(s),3 weeks ago
Full Stack Developer,Setindiabiz,Noida,"₹ 6,00,000 - 8,00,000",3 year(s),3 weeks ago
IT Telecaller,Web Idea Solution LLP,Kolkata,Competitive salary,2 year(s),3 weeks ago
Android SDET,Innovative Talent Solutions,Vadodara,"₹ 18,00,000 - 23,00,000",3 year(s),3 weeks ago
Backend SDET,Innovative Talent Solutions,Vadodara,"₹ 18,00,000 - 23,00,000",3 year(s),3 weeks ago
Software Engineer ( Flutter ),Intertec Softwares Pvt Ltd,Bangalore,Competitive salary,3 year(s),3 weeks ago
Security Consultant - GRC,Intertec Softwares Pvt Ltd,,Competitive salary,7 year(s),3 weeks ago
Desktop & Network Support Field Engineer,EIL Global IT Solutions And Services Pvt Ltd,,Competitive salary,2 year(s),3 weeks ago
Full Stack Developer,I4 Consulting : Reimagining HR Blueprints,"Gurgaon, Hyderabad, Noida","₹ 25,00,000 - 30,00,000",9 year(s),3 weeks ago
Team Lead - Business Professional,IMCS Group,Vadodara,"₹ 5,40,000 - 9,00,000",4 year(s),3 weeks ago
Software Test Engineer,Superleap CRM,Bangalore,"₹ 7,00,000 - 12,00,000",3 year(s),3 weeks ago
SAP Project Manager,INTINERI INFOSOL PRIVATE LIMITED,Pune,"₹ 15,00,000 - 40,00,000",10 year(s),3 weeks ago
Technical Architect,Storch Consultancy Private Limited,Noida,"₹ 16,00,000 - 20,00,000",8 year(s),3 weeks ago
Power BI,Nexus Jobs,Work from home,"₹ 15,60,000 - 16,80,000",5 year(s),3 weeks ago
Laravel Developer,NCode Technologies Inc.,Ahmedabad,"₹ 3,60,000 - 5,40,000",2 year(s),3 weeks ago
Sr.Technical Specialist ( Windows Admin L3 ),Intertec Softwares Pvt Ltd,Indore,Competitive salary,10 year(s),3 weeks ago
Technical Support Engineer - Service Desk,Intertec Softwares Pvt Ltd,Navi Mumbai,"₹ 5,00,000 - 6,00,000",2 year(s),3 weeks ago
MERN Stack Developer,Hunting Cherry,Hyderabad,"₹ 8,00,000 - 12,00,000",3 year(s),3 weeks ago
Rancher AWS Senior Engineer,Aces Global Consulting Pvt Ltd,"Faridabad, Delhi, Ghaziabad, Gurgaon, Noida","₹ 20,00,000 - 25,00,000",6 year(s),3 weeks ago
Storage Admin,Jio,Guwahati,Competitive salary,5 year(s),3 weeks ago
Business Development Executive - Ahmedabad,V3Cube,Ahmedabad,"₹ 4,00,000 - 7,00,000",2 year(s),3 weeks ago
Content Writer - Ahmedabad,V3Cube,Ahmedabad,"₹ 3,00,000 - 6,00,000",2 year(s),3 weeks ago
Junior Dotnet Developer + Data Engineer,Kanerika Software Private Limited,"Ahmedabad, Indore, Hyderabad",Competitive salary,3 year(s),3 weeks ago
Python Developer,Chiselon Technologies Pvt Ltd,"Anantapur, Hyderabad, Bangalore","₹ 20,00,000 - 40,00,000",7 year(s),3 weeks ago
Technical Support Engineer,Intertec Softwares Pvt Ltd,,Competitive salary,3 year(s),3 weeks ago
Assistant Manager - Microbiology,Aceto Pharma (India) Private Ltd.,Ahmedabad,"₹ 7,00,000 - 10,00,000",6 year(s),3 weeks ago
DG SS Engineer,Jio,"Navi Mumbai, Mumbai",Competitive salary,3 year(s),3 weeks ago
Shift Manager,Jio,"Navi Mumbai, Mumbai",Competitive salary,8 year(s),3 weeks ago
Solution Engineer,NETSACH GLOBAL,"Hyderabad, Bangalore",Competitive salary,8 year(s),3 weeks ago
Cloud Presales Consultant - Azure & AWS,Intertec Softwares Pvt Ltd,,Competitive salary,8 year(s),3 weeks ago
Full Stack Developer,Interned.in,Mumbai,Competitive salary,2 year(s),3 weeks ago
Desktop & Network Support Engineer,EIL Global IT Solutions And Services Pvt Ltd,"Christchurch (New Zealand), Auckland (New Zealand), Wellington (New Zealand), Dunedin (New Zealand), Hamilton (New Zealand), Napier (New Zealand), Invercargill (New Zealand)",Competitive salary,2 year(s),3 weeks ago
AJO Developer,ALIQAN Technologies,Work from home,Competitive salary,3 year(s),3 weeks ago
SME - Mechanical (Data Centre),Jio,"Jamnagar, Navi Mumbai, Mumbai",Competitive salary,10 year(s),3 weeks ago
Php Lead,ALIQAN Technologies,,Competitive salary,9 year(s),3 weeks ago
Data Architect - AEP,INTINERI INFOSOL PRIVATE LIMITED,Work from home,"₹ 12,00,000 - 24,00,000",7 year(s),3 weeks ago
Senior PHP Developer,ALIQAN Technologies,Bangalore,"₹ 12,00,000 - 18,00,000",9 year(s),3 weeks ago
Senior PHP Developer,ALIQAN Technologies,Bangalore,"₹ 12,00,000 - 18,00,000",9 year(s),3 weeks ago
SEO Content Writer,Sunrise Remedies Pvt. Ltd.,Ahmedabad,Competitive salary,1 year(s),3 weeks ago
Technical Specialist - Windows Admin - L3,Intertec Softwares Pvt Ltd,Indore,Competitive salary,10 year(s),3 weeks ago
Senior App Engg - Backend Engineer,ALIQAN Technologies,"Pune, Bangalore",Competitive salary,6 year(s),3 weeks ago
Artificial Intelligence Engineer,Kiash Solutions LLP,"Chennai, Hyderabad, Bangalore","₹ 10,00,000 - 15,00,000",4 year(s),3 weeks ago
Laravel Developer,NCode Technologies Inc.,Ahmedabad,"₹ 3,60,000 - 5,40,000",2 year(s),3 weeks ago
Senior Engineer Blockchain Infrastructure - REMOTE,Bharat Business Innovations Pvt Ltd,Work from home,"₹ 40,00,000 - 50,00,000",10 year(s),3 weeks ago
Head Of Security RMOTE,Bharat Business Innovations Pvt Ltd,Work from home,"₹ 70,00,000 - 1,00,00,000",10 year(s),3 weeks ago
REMOTE - Senior Engineer- Trading,Bharat Business Innovations Pvt Ltd,Work from home,"₹ 40,00,000 - 50,00,000",10 year(s),3 weeks ago
Data Engineer,Jio,"Gurgaon, Mumbai, Bangalore",Competitive salary,5 year(s),3 weeks ago
Python Automation Developer,NETSACH GLOBAL,Bangalore,Competitive salary,4 year(s),3 weeks ago
Jr. Java Developer,Xomic Infotech Private Limited,Ahmedabad,"₹ 3,00,000 - 7,20,000",1 year(s),3 weeks ago
L1 IT & Network Engineer,NETSACH GLOBAL,Bangalore,Competitive salary,3 year(s),3 weeks ago
DevOps Engineer ~ REMOTE,Bharat Business Innovations Pvt Ltd,Work from home,"₹ 40,00,000 - 45,00,000",5 year(s),3 weeks ago
Python Developer,ALIQAN Technologies,,Competitive salary,5 year(s),3 weeks ago
Azure Cloud Security Engineer - Sentinel,Jio,Navi Mumbai,Competitive salary,4 year(s),3 weeks ago
Python Developer,ALIQAN Technologies,Bangalore,"₹ 12,00,000 - 18,00,000",5 year(s),3 weeks ago
Python (Programming Language),ALIQAN Technologies,Bangalore,"₹ 12,00,000 - 18,00,000",5 year(s),3 weeks ago
Assistant Manager - Incoming Packaging Testing,Suntara Cosmetics Private Limited,"Ahmedabad, Kheda","₹ 5,00,000 - 10,00,000",4 year(s),3 weeks ago
Python Developer,ALIQAN Technologies,Bangalore,Competitive salary,5 year(s),3 weeks ago
Python Developer,ALIQAN Technologies,"Pune, Mumbai","₹ 18,00,000 - 30,00,000",5 year(s),3 weeks ago
Microsoft Dynamics 365 F&O Functional Consultant,NETSACH GLOBAL,Bangalore,Competitive salary,10 year(s),3 weeks ago
VM Ware & Windows,Jio,"Navi Mumbai, Mumbai",Competitive salary,10 year(s),3 weeks ago
Python Automation Developer,NETSACH GLOBAL,Bangalore,Competitive salary,4 year(s),3 weeks ago
Human Resources Executive,HRingZa Solutions,Rajkot,"₹ 2,40,000 - 3,00,000",1 year(s),3 weeks ago
Oracle BRM Architect,NETSACH GLOBAL,Bangalore,Competitive salary,10 year(s),3 weeks ago
Oracle BRM Developer,NETSACH GLOBAL,Bangalore,Competitive salary,4 year(s),3 weeks ago
SAP ABAP,ALIQAN Technologies,Bangalore,"₹ 9,60,000 - 12,00,000",7 year(s),3 weeks ago
Laravel Developer,NCode Technologies Inc.,Ahmedabad,"₹ 2,40,000 - 5,40,000",3 year(s),3 weeks ago
Technical Product Manager (Insurance Product),Intertec Softwares Pvt Ltd,,Competitive salary,8 year(s),3 weeks ago
Senior ZOHO Developer,Techvaria,,Competitive salary,3 year(s),3 weeks ago
Technical Support Engineer,Intertec Softwares Pvt Ltd,Navi Mumbai,Competitive salary,2 year(s),3 weeks ago
Senior Data Engineer,Jio,Mumbai,Competitive salary,7 year(s),3 weeks ago
WordPress Developer,Colan Infotech Private Limited,Chennai,Competitive salary,3 year(s),3 weeks ago
SAP Technical Architect,Kiash Solutions LLP,"Chennai, Hyderabad, Bangalore","₹ 25,00,000 - 32,00,000",8 year(s),3 weeks ago
React Developer,ALIQAN Technologies,Pune,Competitive salary,5 year(s),3 weeks ago
ServiceNow Developer,CDM Smith,"Chennai, Pune",Competitive salary,5 year(s),3 weeks ago
Sr. Java Developer,NETSACH GLOBAL,Bangalore,Competitive salary,6 year(s),3 weeks ago
PHP Developer,ALIQAN Technologies,Bangalore,"₹ 24,00,000 - 30,00,000",8 year(s),3 weeks ago
SEO Executive,ProManage IT Solutions,"Delhi, Ghaziabad, Gurgaon, Noida",Competitive salary,0 year(s),3 weeks ago
Performance Test Engineer,ALIQAN Technologies,,Competitive salary,7 year(s),3 weeks ago
Power Automate,ALIQAN Technologies,Bangalore,Competitive salary,6 year(s),3 weeks ago
Technical Specialist - Windows,Intertec Softwares Pvt Ltd,,Competitive salary,7 year(s),3 weeks ago
Java Developer,NETSACH GLOBAL,Bangalore,Competitive salary,6 year(s),3 weeks ago
Solution Architect -Cloud Lead - Technical Lead,Jio,Delhi,Competitive salary,13 year(s),3 weeks ago
Eagle Star QC Analyst,Kiash Solutions LLP,"Pune, Mumbai","₹ 12,00,000 - 16,00,000",3 year(s),3 weeks ago
Sr. Java Developer,Xomic Infotech Private Limited,Ahmedabad,"₹ 3,00,000 - 7,20,000",2 year(s),3 weeks ago
Senior Network Security Engineer - F5/Firewall,Intertec Softwares Pvt Ltd,,Competitive salary,7 year(s),3 weeks ago
Cyber Security Engineer - L2(Immediate Joiner),Intertec Softwares Pvt Ltd,,Competitive salary,7 year(s),3 weeks ago
Quality Assurance Automation Engineer,Chiselon Technologies Pvt Ltd,"Hyderabad, Addanki",Competitive salary,7 year(s),3 weeks ago
Oracle BRM Developer,NETSACH GLOBAL,Bangalore,Competitive salary,4 year(s),3 weeks ago
Oracle BRM Architect,NETSACH GLOBAL,Bangalore,Competitive salary,10 year(s),3 weeks ago
Senior End User Support,Intertec Softwares Pvt Ltd,,Competitive salary,5 year(s),3 weeks ago
Network & Security Engineer,Intertec Softwares Pvt Ltd,,Competitive salary,6 year(s),3 weeks ago
NEET Content Reviewer  Physics/Chemistry/Biology,Matrix Smart Learning,Coimbatore,Competitive salary,0 year(s),3 weeks ago
Senior Data Engineer (Snowflake),Crazy Solutions,Work from home,"₹ 12,00,000 - 26,00,000",5 year(s),3 weeks ago
Tableau Developer,Crazy Solutions,Work from home,"₹ 8,00,000 - 15,00,000",5 year(s),3 weeks ago
Okta Identity Cloud,Versatile Commerce,,Competitive salary,5 year(s),3 weeks ago
Peoplesoft FSCM Technical Consultant/Developer,Kiash Solutions LLP,"Chennai, Hyderabad, Bangalore","₹ 15,00,000 - 18,00,000",3 year(s),3 weeks ago
Solution Architect  App Modernization (GCP),I4 Consulting : Reimagining HR Blueprints,"Chennai, Kolkata, Hyderabad, Mumbai, Bangalore","₹ 50,00,000 - 55,00,000",12 year(s),3 weeks ago
Python Developer,Nexus Jobs,Mohali,"₹ 10,00,000 - 15,00,000",3 year(s),3 weeks ago
.NET Framework,True Blue HR Consultants,Bangalore,Competitive salary,5 year(s),3 weeks ago
Enterprise Compute Sales Specialist,Cygnus Technologies Private Limited,,Competitive salary,5 year(s),3 weeks ago
Practice Consultant - Cloud,Intertec Softwares Pvt Ltd,,Competitive salary,10 year(s),3 weeks ago
SAP FICO Consultant,Kiash Solutions LLP,"Chennai, Hyderabad, Bangalore","₹ 25,00,000 - 36,00,000",9 year(s),3 weeks ago
Senior Data Engineer - Azure,True Blue HR Consultants,Bangalore,"₹ 7,00,000 - 28,00,000",4 year(s),3 weeks ago
AI/ML Engineer,Admin Looks,Mumbai,"₹ 18,00,000 - 19,20,000",12 year(s),3 weeks ago
Python Developer,Nexus Jobs,Mohali,"₹ 10,00,000 - 15,00,000",3 year(s),3 weeks ago
Hadoop Administration,Jio,"Navi Mumbai, Mumbai",Competitive salary,2 year(s),3 weeks ago
.NET Developer,Versatile Commerce,Hyderabad,Competitive salary,9 year(s),3 weeks ago
Backup & Storage Engineer,Intertec Softwares Pvt Ltd,Indore,Competitive salary,4 year(s),3 weeks ago
Co-Founder With Investment,SPARC STUDIO,Bangalore,"₹ 6,00,000 - 24,00,000",4 year(s),3 weeks ago
Sr. Java Developer,Xomic Infotech Private Limited,Ahmedabad,"₹ 3,00,000 - 7,20,000",2 year(s),3 weeks ago
SEO Manager,LogicGo Infotech,Surat,Competitive salary,2 year(s),3 weeks ago
Storage Admin,Jio,Guwahati,Competitive salary,5 year(s),3 weeks ago
Python Fullstack Developer_Charni Road (Girgaon),Sir H.N. Reliance Foundation Hospital & Research Centre,Mumbai,Competitive salary,3 year(s),3 weeks ago
Lead - Salesforce Financial Cloud,Kiash Solutions LLP,"Chennai, Hyderabad","₹ 35,00,000 - 55,00,000",7 year(s),3 weeks ago
UI Automation,NETSACH GLOBAL,Bangalore,Competitive salary,4 year(s),3 weeks ago
Python Developer,Techvaria,,Competitive salary,4 year(s),3 weeks ago
Business Analyst Trainee,Techvaria,,Competitive salary,0 year(s),3 weeks ago
QA Tester,Kiash Solutions LLP,Vadodara,"₹ 6,00,000 - 7,50,000",4 year(s),3 weeks ago
IT Bsuiness Developer,Web Idea Solution LLP,Kolkata,"₹ 4,80,000 - 7,20,000",1 year(s),3 weeks ago
Automation Anywhere,INTINERI INFOSOL PRIVATE LIMITED,Work from home,"₹ 9,60,000 - 16,80,000",7 year(s),3 weeks ago
Vmware + Windows + NSX,Jio,Chennai,"₹ 5,00,000 - 9,00,000",4 year(s),3 weeks ago
Node.js  Developer,Jio,Mumbai,"₹ 6,00,000 - 10,00,000",4 year(s),3 weeks ago
WiFi Engineers,Jio,Mumbai,Competitive salary,4 year(s),3 weeks ago
Junior Third-Party Risk Assessor,NETSACH GLOBAL,Bangalore,Competitive salary,4 year(s),3 weeks ago
Python Developer,Nexus Jobs,Mohali,"₹ 10,00,000 - 12,00,000",4 year(s),3 weeks ago
Golang Developer,Chiselon Technologies Pvt Ltd,Bangalore,Competitive salary,4 year(s),3 weeks ago
DBA Engineer,Chiselon Technologies Pvt Ltd,Bangalore,Competitive salary,4 year(s),3 weeks ago
Senior Sap MM Consultant,INTINERI INFOSOL PRIVATE LIMITED,Pune,"₹ 5,00,000 - 18,00,000",7 year(s),3 weeks ago
Python Developer,Nexus Jobs,Jaipur,"₹ 13,00,000 - 15,00,000",4 year(s),3 weeks ago
Golang Developer L Ahmedabad,Vedlogic Solutions Pvt. Ltd.,Ahmedabad,"₹ 3,60,000 - 12,00,000",4 year(s),3 weeks ago
Technical Support Engineer (Monitoring),Intertec Softwares Pvt Ltd,Indore,"₹ 5,00,000 - 6,00,000",4 year(s),3 weeks ago
Service Desk Engineer,Intertec Softwares Pvt Ltd,,Competitive salary,4 year(s),3 weeks ago
SEO - Fresher - Ahmedabad,V3Cube,Ahmedabad,Competitive salary,0 year(s),3 weeks ago
Tableau Developers,INTINERI INFOSOL PRIVATE LIMITED,Work from home,"₹ 8,40,000 - 12,00,000",4 year(s),3 weeks ago
Flutter Developer,Wings Global Services,"Amritsar, Gurgaon, Jalandhar, Shimla","₹ 8,00,000 - 9,00,000",1 year(s),3 weeks ago
Laravel PHP Developer,Wings Global Services,"Amritsar, Chandigarh, Gurgaon, Jalandhar, Shimla","₹ 8,00,000 - 9,00,000",1 year(s),3 weeks ago
Python Developer,Nexus Jobs,Mohali,"₹ 8,00,000 - 12,00,000",4 year(s),3 weeks ago
UX Designer_ Bangalore,True Blue HR Consultants,Bangalore,"₹ 15,00,000 - 20,00,000",4 year(s),3 weeks ago
Application Developer  Cloud FullStack,ALIQAN Technologies,,Competitive salary,7 year(s),3 weeks ago
JAVA React Full Stack Engineers,Chiselon Technologies Pvt Ltd,Gurgaon,Competitive salary,4 year(s),3 weeks ago
Python Developer,Wings Global Services,"Amritsar, Chandigarh, Gurgaon, Jalandhar, Shimla","₹ 8,00,000 - 10,00,000",1 year(s),3 weeks ago
Java Developer,ALIQAN Technologies,"Chennai, Pune, Hyderabad, Mumbai, Bangalore","₹ 12,00,000 - 14,40,000",7 year(s),3 weeks ago
Deveops Engineer,Wings Global Services,"Chandigarh, Gurgaon, Jalandhar, Shimla","₹ 8,00,000 - 10,00,000",1 year(s),3 weeks ago
Security & DevOps Support Engineer - (ERT),NETSACH GLOBAL,Bangalore,Competitive salary,4 year(s),3 weeks ago
Python Developer,ALIQAN Technologies,Bangalore,Competitive salary,7 year(s),3 weeks ago
Cloud Engineer,Chiselon Technologies Pvt Ltd,Bangalore,Competitive salary,4 year(s),3 weeks ago
Golang Developer,Chiselon Technologies Pvt Ltd,Bangalore,Competitive salary,4 year(s),3 weeks ago
Power Automate Developer,ALIQAN Technologies,,Competitive salary,7 year(s),3 weeks ago
Performance Test Engineer,ALIQAN Technologies,Bangalore,"₹ 9,60,000 - 24,00,000",7 year(s),3 weeks ago
Project Coordinator,Ultrafly Solutions Private Limited,Coimbatore,Competitive salary,1 year(s),3 weeks ago
Kafka Admin,ALIQAN Technologies,"Chennai, Pune, Bangalore",Competitive salary,4 year(s),3 weeks ago
Power Automate Developer,ALIQAN Technologies,Bangalore,Competitive salary,7 year(s),3 weeks ago
Angular Developer,Classic Art,Rajkot,"₹ 3,60,000 - 6,00,000",1 year(s),3 weeks ago
Trainee Software Engineer,Intertec Softwares Pvt Ltd,Work from home,Competitive salary,0 year(s),3 weeks ago
Business Analyst Trainee,Techvaria,,"₹ 2,40,000 - 3,00,000",0 year(s),3 weeks ago
PHP Developer,ALIQAN Technologies,Bangalore,Competitive salary,7 year(s),3 weeks ago
AI ML Engineer,Chiselon Technologies Pvt Ltd,Chennai,Competitive salary,4 year(s),3 weeks ago
Data Engineer,Chiselon Technologies Pvt Ltd,Chennai,Competitive salary,4 year(s),3 weeks ago
Intermediate Backend Java Development Resource,NETSACH GLOBAL,Bangalore,Competitive salary,7 year(s),3 weeks ago
Intermediate Full Stack Development Resource,NETSACH GLOBAL,Bangalore,Competitive salary,4 year(s),3 weeks ago
Senior Full Stack Developer,NETSACH GLOBAL,Bangalore,Competitive salary,7 year(s),3 weeks ago
Software Developer,Nexus Jobs,Jaipur,"₹ 2,16,000 - 3,60,000",1 year(s),3 weeks ago
Power BI Architect,Chiselon Technologies Pvt Ltd,Chennai,Competitive salary,7 year(s),3 weeks ago
Full Stack Developer (.Net With AWS),Crazy Solutions,Work from home,"₹ 12,00,000 - 14,00,000",4 year(s),3 weeks ago
Hiring Freshers (Sales & Marketing) - Remote,Crazy Solutions,Work from home,Competitive salary,0 year(s),3 weeks ago
Sales Development Representative - Remote,Crazy Solutions,Work from home,Competitive salary,0 year(s),3 weeks ago
Telecaller - Remote,Crazy Solutions,Work from home,Competitive salary,0 year(s),3 weeks ago
Software Engineer,Money Honey Financial Services Private Limited,,Competitive salary,4 year(s),3 weeks ago
Full Stack Developer - Senior,Refining Skills Academy,Surat,"₹ 15,00,000 - 21,00,000",7 year(s),3 weeks ago
Desktop Support Specialist,EIL Global IT Solutions And Services Pvt Ltd,"Brisbane (Australia), Ipswich (Australia), Gladstone (Australia), Yeppoon (Australia), Logan City (Australia)",Competitive salary,4 year(s),3 weeks ago
TechnoFunctional Consultant (ContactCenters),Intertec Softwares Pvt Ltd,Mumbai,Competitive salary,7 year(s),3 weeks ago
Python Developer,NETSACH GLOBAL,Bangalore,Competitive salary,4 year(s),3 weeks ago
IOS Development,Dark Starss,"Thane, Mumbai","₹ 2,50,000 - 7,00,000",1 year(s),3 weeks ago
Senior SEO Specialist,Nexus Jobs,Jaipur,"₹ 3,60,000 - 4,80,000",4 year(s),3 weeks ago
Technician Electrician - Utility,Jio,"Navi Mumbai, Mumbai",Competitive salary,4 year(s),3 weeks ago
SAP GTS Consultant,Kiash Solutions LLP,"Chennai, Hyderabad, Bangalore","₹ 15,00,000 - 25,00,000",7 year(s),3 weeks ago
React Native Developer,Versatile Commerce,Hyderabad,Competitive salary,1 year(s),3 weeks ago
Power BI Consultant,NETSACH GLOBAL,Bangalore,Competitive salary,4 year(s),3 weeks ago
Jr. Database Developer,Xomic Infotech Private Limited,Ahmedabad,"₹ 2,40,000 - 3,60,000",1 year(s),3 weeks ago
Quality Assurance Engineer,Troopr.ai,Work from home,"₹ 7,00,000 - 8,50,000",1 year(s),3 weeks ago
